Season,Player,Player_ID,Team,Age,Tactical_Era,Is_MVP_Winner,MVP_Rank,MVP_First_Votes,MVP_Pts_Won,MVP_Pts_Max,MVP_Share,GP,MIN,PTS,REB,AST,STL,BLK,TOV,FG_PCT,FG3_PCT,FT_PCT,TS_PCT,WS,WS48,Team_W_PCT,Plus_Minus,Off_Rating,Def_Rating,Net_Rating,USG_PCT,PIE,PCT_PTS,PCT_AST,PCT_REB,PTS_Paint,PTS_FastBreak,PTS_Off_TOV,PC1,PC2
1996-97,Karl Malone,252,UTA,33.0,Pre-Analytics,1,1,63,986,1150,0.858,82,36.6,27.4,9.9,4.5,1.4,0.6,2.8,0.55,0.0,0.755,0.6,,,0.78,9.4,115.0,101.3,13.8,0.321,0.212,0.339,0.21,0.326,12.5,3.6,4.5,1.1739927685659632,3.6475791297603744
1996-97,Michael Jordan,893,CHI,34.0,Pre-Analytics,0,2,52,957,1150,0.832,82,37.9,29.6,5.9,4.3,1.7,0.5,2.0,0.486,0.374,0.833,0.567,,,0.841,10.0,113.9,100.1,13.7,0.328,0.19,0.36,0.211,0.164,7.0,2.4,5.5,-1.2775251768659242,1.7658719916267607
1996-97,Grant Hill,255,DET,24.0,Pre-Analytics,0,3,0,376,1150,0.327,80,39.3,21.4,9.0,7.3,1.8,0.6,3.2,0.496,0.303,0.711,0.556,,,0.65,5.1,109.2,102.3,7.0,0.28,0.195,0.278,0.462,0.291,9.0,1.9,3.7,-0.10126485258543046,0.103976052645136
1996-97,Tim Hardaway,896,MIA,30.0,Pre-Analytics,0,4,0,238,1150,0.207,81,38.8,20.3,3.4,8.6,1.9,0.1,2.8,0.415,0.344,0.799,0.532,,,0.741,6.7,106.6,97.3,9.3,0.259,0.16,0.261,0.492,0.101,5.8,3.3,3.5,-2.0605651139463927,-2.5675014309992243
1996-97,Glen Rice,779,CHH,30.0,Pre-Analytics,0,5,0,134,1150,0.117,79,42.5,26.8,4.0,2.0,0.9,0.3,2.2,0.477,0.47,0.867,0.605,,,0.658,2.2,110.0,107.1,2.9,0.268,0.125,0.306,0.093,0.118,7.5,3.3,4.1,-1.238648359059186,-1.1150099751498912
1996-97,Gary Payton,56,SEA,28.0,Pre-Analytics,0,6,0,105,1150,0.091,82,39.2,21.8,4.6,7.1,2.4,0.2,2.6,0.476,0.313,0.715,0.545,,,0.695,7.6,110.1,99.8,10.2,0.26,0.154,0.263,0.371,0.141,12.2,4.3,5.2,-1.6014342045092227,-0.5857678174968532
1996-97,Hakeem Olajuwon,165,HOU,34.0,Pre-Analytics,0,7,0,95,1150,0.083,78,36.5,23.2,9.2,3.0,1.5,2.2,3.6,0.51,0.313,0.787,0.558,,,0.692,4.9,108.2,101.2,7.0,0.306,0.157,0.305,0.156,0.283,12.2,0.6,3.0,1.8289068325605933,0.7166643840866489
1996-97,Patrick Ewing,121,NYK,34.0,Pre-Analytics,0,8,0,57,1150,0.05,78,37.0,22.4,10.7,2.0,0.9,2.4,3.4,0.488,0.222,0.754,0.548,,,0.692,4.0,103.5,98.0,5.5,0.294,0.174,0.303,0.115,0.325,11.1,1.0,3.5,2.9134650752066396,0.7153475231102645
1996-97,Anthony Mason,193,CHH,30.0,Pre-Analytics,0,9,0,7,1150,0.006,73,43.0,16.2,11.4,5.7,1.0,0.5,2.3,0.525,0.333,0.745,0.585,,,0.658,1.6,108.7,106.7,2.0,0.177,0.149,0.186,0.261,0.327,9.1,1.1,2.3,2.299178724284695,-2.4139517440282434
1996-97,Shaquille O'Neal,406,LAL,25.0,Pre-Analytics,0,9,0,7,1150,0.006,51,38.1,26.2,12.5,3.1,0.9,2.9,2.9,0.557,0.0,0.484,0.556,,,0.745,5.2,109.2,101.7,7.5,0.311,0.184,0.329,0.161,0.375,19.6,2.1,4.1,4.252019375340221,4.003450295647031
1996-97,Scottie Pippen,937,CHI,31.0,Pre-Analytics,0,11,0,6,1150,0.005,82,37.7,20.2,6.5,5.7,1.9,0.5,2.6,0.474,0.368,0.701,0.554,,,0.841,9.9,113.4,99.7,13.7,0.242,0.146,0.246,0.275,0.181,7.3,3.0,3.4,0.08015245461623617,-1.2461589411584666
1996-97,Alonzo Mourning,297,MIA,27.0,Pre-Analytics,0,12,0,5,1150,0.004,66,35.2,19.8,9.9,1.6,0.8,2.9,3.4,0.534,0.111,0.642,0.578,,,0.742,7.0,106.7,95.6,11.2,0.274,0.155,0.283,0.099,0.325,11.2,1.6,4.1,4.070464036076847,1.2326599740289677
1996-97,Dikembe Mutombo,87,ATL,31.0,Pre-Analytics,0,13,0,4,1150,0.003,80,37.2,13.3,11.6,1.4,0.6,3.3,2.3,0.526,0.0,0.705,0.584,,,0.675,5.4,105.0,96.9,8.1,0.178,0.146,0.189,0.096,0.366,8.7,0.6,2.2,6.2428463894500155,-1.8480786640576679
1996-97,Mitch Richmond,782,SAC,32.0,Pre-Analytics,0,13,0,4,1150,0.003,81,38.6,25.9,3.9,4.2,1.5,0.3,2.9,0.454,0.428,0.861,0.578,,,0.42,-1.9,103.4,105.9,-2.6,0.289,0.148,0.334,0.238,0.118,5.9,3.1,3.8,-2.2137406761385425,-1.8717038749644994
1996-97,John Stockton,304,UTA,35.0,Pre-Analytics,0,15,0,3,1150,0.003,82,35.3,14.4,2.8,10.5,2.0,0.2,3.0,0.548,0.422,0.846,0.656,,,0.78,8.0,114.1,101.7,12.3,0.183,0.167,0.19,0.514,0.096,5.6,2.6,2.4,-1.1998544054903442,-2.681593683894656
1997-98,Michael Jordan,893,CHI,35.0,Pre-Analytics,1,1,92,1084,1160,0.934,82,38.8,28.7,5.8,3.5,1.7,0.5,2.3,0.465,0.238,0.784,0.533,,,0.756,7.3,108.0,98.3,9.7,0.333,0.175,0.363,0.18,0.161,9.2,3.5,5.5,-0.9747284978767918,1.2406193707404483
1997-98,Karl Malone,252,UTA,34.0,Pre-Analytics,0,2,20,842,1160,0.726,81,37.4,27.0,10.3,3.9,1.2,0.9,3.0,0.53,0.333,0.761,0.597,,,0.753,7.2,113.0,103.0,10.0,0.317,0.203,0.335,0.192,0.323,9.8,2.4,4.2,0.7424144543496997,2.630038616811999
1997-98,Gary Payton,56,SEA,29.0,Pre-Analytics,0,3,3,431,1160,0.372,82,38.4,19.2,4.6,8.3,2.3,0.2,2.8,0.453,0.338,0.744,0.544,,,0.744,7.5,111.1,100.6,10.5,0.243,0.152,0.236,0.43,0.15,9.2,4.2,4.4,-1.695864872789713,-1.6577110823465768
1997-98,Shaquille O'Neal,406,LAL,26.0,Pre-Analytics,0,4,1,311,1160,0.268,60,36.2,28.3,11.4,2.4,0.7,2.4,2.9,0.584,0.0,0.527,0.587,,,0.767,10.9,114.9,99.3,15.5,0.327,0.185,0.346,0.119,0.343,20.8,1.9,3.9,4.213834212079577,5.144859970582654
1997-98,Tim Duncan,1495,SAS,22.0,Pre-Analytics,0,5,0,148,1160,0.128,82,39.1,21.1,11.9,2.7,0.7,2.5,3.4,0.549,0.0,0.662,0.577,,,0.683,5.2,104.9,97.3,7.6,0.259,0.175,0.277,0.145,0.334,13.1,1.5,3.1,4.337309018145499,1.2193736334950185
1997-98,Tim Hardaway,896,MIA,31.0,Pre-Analytics,0,6,0,71,1160,0.061,81,37.4,18.9,3.7,8.3,1.7,0.2,2.8,0.431,0.351,0.781,0.53,,,0.679,5.6,107.6,99.7,7.9,0.25,0.152,0.249,0.499,0.112,5.7,3.3,3.0,-1.640186458619987,-2.9932101868848515
1997-98,David Robinson,764,SAS,32.0,Pre-Analytics,0,7,0,36,1160,0.031,73,33.7,21.6,10.6,2.7,0.9,2.6,2.8,0.511,0.25,0.735,0.581,,,0.685,4.9,103.3,95.3,8.0,0.294,0.207,0.331,0.168,0.341,10.8,1.8,2.4,3.377710454689233,1.279554868223731
1997-98,Vin Baker,452,SEA,26.0,Pre-Analytics,0,8,0,24,1160,0.021,82,35.9,19.2,8.0,1.9,1.1,1.0,2.1,0.542,0.143,0.591,0.564,,,0.744,5.0,110.8,103.0,7.8,0.244,0.122,0.256,0.104,0.279,12.9,2.1,3.4,3.1472904917014586,-0.5705692656240683
1997-98,Grant Hill,255,DET,25.0,Pre-Analytics,0,9,0,23,1160,0.02,81,40.7,21.1,7.7,6.8,1.8,0.7,3.5,0.452,0.143,0.74,0.52,,,0.444,2.7,104.6,101.5,3.1,0.27,0.164,0.264,0.414,0.224,9.5,3.1,3.6,-0.4395028223973098,-1.420476389206366
1997-98,Scottie Pippen,937,CHI,32.0,Pre-Analytics,0,10,0,14,1160,0.012,44,37.6,19.2,5.2,5.8,1.8,1.0,2.5,0.448,0.318,0.777,0.534,,,0.818,7.4,110.3,100.2,10.1,0.24,0.132,0.241,0.289,0.152,7.9,4.3,4.0,-0.43866151949834437,-1.7024412000466904
1998-99,Karl Malone,252,UTA,35.0,Pre-Analytics,1,1,44,827,1170,0.707,49,37.4,23.8,9.4,4.1,1.3,0.6,3.3,0.493,0.0,0.788,0.577,,,0.735,7.2,107.3,97.0,10.3,0.303,0.196,0.317,0.21,0.3,9.0,3.4,4.3,1.1045570465210375,1.7611176798909265
1998-99,Alonzo Mourning,297,MIA,29.0,Pre-Analytics,0,2,36,773,1170,0.661,46,38.2,20.1,11.0,1.6,0.7,3.9,3.0,0.512,0.0,0.652,0.564,,,0.696,7.4,104.3,93.4,10.9,0.268,0.17,0.281,0.097,0.341,10.1,1.0,3.0,5.246701574662525,1.0692152116837816
1998-99,Tim Duncan,1495,SAS,23.0,Pre-Analytics,0,3,30,740,1170,0.632,50,39.3,21.7,11.4,2.4,0.9,2.5,2.9,0.495,0.143,0.69,0.541,,,0.74,7.4,103.2,92.5,10.7,0.272,0.17,0.285,0.132,0.321,12.3,1.6,3.3,3.8447293282289396,0.9389905967739179
1998-99,Allen Iverson,947,PHI,24.0,Pre-Analytics,0,4,5,319,1170,0.273,48,41.5,26.8,4.9,4.6,2.3,0.1,3.5,0.412,0.291,0.751,0.508,,,0.583,3.9,98.7,94.3,4.4,0.318,0.154,0.341,0.286,0.133,8.8,6.8,6.8,-3.081172133772184,0.10324391286889884
1998-99,Jason Kidd,467,PHX,26.0,Pre-Analytics,0,5,2,159,1170,0.136,50,41.3,16.9,6.8,10.8,2.3,0.4,3.0,0.444,0.366,0.757,0.527,,,0.54,4.3,105.3,100.3,5.0,0.21,0.164,0.203,0.49,0.196,6.6,4.0,3.8,-1.5574004820504854,-2.8929006298704043
1998-99,Shaquille O'Neal,406,LAL,27.0,Pre-Analytics,0,6,1,89,1170,0.076,49,34.8,26.3,10.7,2.3,0.7,1.7,2.5,0.576,0.0,0.54,0.584,,,0.633,4.6,109.7,102.7,7.0,0.323,0.192,0.358,0.134,0.352,20.1,1.4,3.7,3.847562413183127,3.938067879923991
1998-99,Chris Webber,185,SAC,26.0,Pre-Analytics,0,7,0,51,1170,0.044,42,41.0,20.0,13.0,4.1,1.4,2.1,3.5,0.486,0.118,0.454,0.491,,,0.524,0.9,101.2,100.1,1.1,0.246,0.14,0.236,0.209,0.339,13.3,2.6,2.8,3.514594287053255,-0.681772970984384
1998-99,Grant Hill,255,DET,26.0,Pre-Analytics,0,8,0,39,1170,0.033,50,37.0,21.1,7.1,6.0,1.6,0.5,3.7,0.479,0.0,0.752,0.543,,,0.58,3.8,104.3,98.7,5.6,0.291,0.179,0.293,0.377,0.233,8.8,2.8,3.6,0.21705362068298217,-0.2437846443914979
1998-99,Gary Payton,56,SEA,30.0,Pre-Analytics,0,9,0,35,1170,0.03,50,40.2,21.7,4.9,8.7,2.2,0.2,3.1,0.434,0.295,0.721,0.519,,,0.5,0.6,105.3,104.6,0.7,0.266,0.156,0.27,0.473,0.14,10.9,3.7,4.2,-2.3140514359206876,-1.7679316533167346
1999-00,Shaquille O'Neal,406,LAL,28.0,Pre-Analytics,1,1,120,1207,1210,0.998,79,40.1,29.7,13.6,3.8,0.5,3.0,2.8,0.574,0.0,0.524,0.578,,,0.835,8.9,107.7,96.2,11.5,0.311,0.214,0.35,0.189,0.349,22.5,1.8,4.3,4.58137580953647,5.383470032067711
1999-00,Kevin Garnett,708,MIN,24.0,Pre-Analytics,0,2,0,408,1210,0.337,81,40.0,22.9,11.8,5.0,1.5,1.6,3.3,0.497,0.37,0.765,0.545,,,0.617,4.0,105.7,100.3,5.4,0.273,0.18,0.279,0.217,0.338,9.6,2.0,3.8,1.3005360580882226,0.3017140642302844
1999-00,Alonzo Mourning,297,MIA,30.0,Pre-Analytics,0,3,0,367,1210,0.303,79,34.7,21.7,9.5,1.6,0.5,3.7,2.7,0.551,0.0,0.711,0.596,,,0.633,3.4,103.7,98.6,5.1,0.279,0.171,0.315,0.088,0.307,10.8,1.5,3.1,4.581999285073522,1.0350702717442188
1999-00,Karl Malone,252,UTA,36.0,Pre-Analytics,0,4,0,312,1210,0.258,82,35.9,25.5,9.5,3.7,1.0,0.9,2.8,0.509,0.25,0.797,0.582,,,0.671,5.9,109.4,100.7,8.6,0.316,0.199,0.338,0.184,0.321,9.6,3.1,4.4,0.838698656627762,1.9352731998287467
1999-00,Tim Duncan,1495,SAS,24.0,Pre-Analytics,0,5,0,248,1210,0.205,74,38.9,23.2,12.4,3.2,0.9,2.2,3.3,0.49,0.091,0.761,0.555,,,0.649,6.4,103.6,95.0,8.6,0.284,0.183,0.297,0.172,0.345,11.0,1.4,3.5,3.1789637540931466,1.1219151281892112
1999-00,Gary Payton,56,SEA,31.0,Pre-Analytics,0,6,0,180,1210,0.149,82,41.8,24.2,6.5,8.9,1.9,0.2,2.7,0.448,0.34,0.735,0.535,,,0.549,2.7,105.3,102.2,3.0,0.264,0.166,0.278,0.44,0.172,10.2,4.0,4.6,-1.991405712211037,-1.1750407592401202
1999-00,Allen Iverson,947,PHI,25.0,Pre-Analytics,0,7,1,132,1210,0.109,70,40.8,28.4,3.8,4.7,2.1,0.1,3.3,0.421,0.341,0.713,0.496,,,0.6,1.8,102.0,99.9,2.0,0.334,0.126,0.343,0.245,0.103,10.8,6.1,6.5,-3.2288855640582845,-0.23763364944118234
1999-00,Grant Hill,255,DET,27.0,Pre-Analytics,0,8,0,113,1210,0.093,74,37.5,25.8,6.6,5.2,1.4,0.6,3.2,0.489,0.347,0.795,0.565,,,0.541,3.2,107.7,103.7,4.0,0.298,0.17,0.311,0.313,0.21,10.4,4.5,4.4,-1.2619812534708876,0.3888061440268752
1999-00,Chris Webber,185,SAC,27.0,Pre-Analytics,0,9,0,96,1210,0.079,75,38.4,24.5,10.5,4.6,1.6,1.7,2.9,0.483,0.284,0.751,0.53,,,0.547,1.8,103.3,101.2,2.1,0.279,0.159,0.29,0.234,0.3,11.4,2.8,4.2,0.9709875299313896,-0.0906582500619701
1999-00,Vince Carter,1713,TOR,23.0,Pre-Analytics,0,10,0,51,1210,0.042,82,38.1,25.7,5.8,3.9,1.3,1.1,2.2,0.465,0.403,0.791,0.543,,,0.549,2.2,105.5,102.3,3.2,0.295,0.147,0.322,0.2,0.168,8.4,4.0,3.9,-0.6568345807974599,-0.933415756073096
2000-01,Allen Iverson,947,PHI,26.0,Pre-Analytics,1,1,93,1121,1240,0.904,71,41.9,31.1,3.8,4.6,2.5,0.3,3.3,0.42,0.32,0.814,0.518,,,0.704,5.2,102.6,96.5,6.1,0.349,0.155,0.369,0.259,0.098,10.8,7.0,6.4,-3.7255507906606944,1.0554256575592924
2000-01,Tim Duncan,1495,SAS,25.0,Pre-Analytics,0,2,18,706,1240,0.569,82,38.7,22.2,12.2,3.0,0.9,2.3,3.0,0.499,0.259,0.618,0.536,,,0.707,8.4,105.5,94.0,11.5,0.284,0.17,0.286,0.17,0.339,11.4,1.3,3.3,3.578770739205118,0.9252127794099113
2000-01,Shaquille O'Neal,406,LAL,29.0,Pre-Analytics,0,3,7,578,1240,0.466,74,39.5,28.7,12.7,3.7,0.6,2.8,2.9,0.572,0.0,0.513,0.574,,,0.689,6.3,111.0,102.6,8.4,0.315,0.186,0.339,0.185,0.35,20.0,1.4,3.6,4.151760837370547,4.228081597357365
2000-01,Chris Webber,185,SAC,28.0,Pre-Analytics,0,4,5,521,1240,0.42,70,40.5,27.1,11.1,4.2,1.3,1.7,2.8,0.481,0.071,0.703,0.516,,,0.686,5.3,103.8,97.4,6.4,0.311,0.169,0.32,0.22,0.294,13.5,3.0,4.6,1.667844136558601,1.5501936612636846
2000-01,Kevin Garnett,708,MIN,25.0,Pre-Analytics,0,5,1,151,1240,0.122,81,39.5,22.0,11.4,5.0,1.4,1.8,2.8,0.477,0.288,0.764,0.531,,,0.58,2.5,104.6,101.0,3.6,0.268,0.174,0.275,0.232,0.332,9.7,1.7,3.2,1.758182771893215,-0.5202669510812625
2000-01,Tracy McGrady,1503,ORL,22.0,Pre-Analytics,0,6,0,64,1240,0.052,77,40.2,26.8,7.5,4.6,1.5,1.5,2.6,0.457,0.355,0.733,0.521,,,0.506,3.3,104.3,99.8,4.5,0.309,0.171,0.326,0.245,0.211,10.2,4.0,5.0,-0.5535151778795679,0.3361051740554687
2001-02,Tim Duncan,1495,SAS,26.0,Pre-Analytics,1,1,57,954,1260,0.757,82,40.6,25.5,12.7,3.7,0.7,2.5,3.2,0.508,0.1,0.799,0.576,17.8,0.257,0.707,6.8,105.9,96.7,9.2,0.289,0.207,0.312,0.222,0.359,13.1,1.5,4.4,2.8698833082017385,2.572968805581375
2001-02,Ben Wallace,1112,DET,27.0,Pre-Analytics,0,10,0,24,1260,0.019,80,36.5,7.6,13.0,1.4,1.7,3.5,0.9,0.531,0.0,0.423,0.522,11.6,0.19,0.613,1.9,102.4,99.4,3.0,0.104,0.142,0.107,0.089,0.435,5.8,0.5,1.3,8.077803729658905,-4.600909662599475
2001-02,Paul Pierce,1718,BOS,24.0,Pre-Analytics,0,11,0,22,1260,0.017,82,40.2,26.1,6.9,3.2,1.9,1.0,2.9,0.442,0.404,0.809,0.57,12.9,0.187,0.598,3.8,103.8,99.2,4.6,0.289,0.153,0.32,0.179,0.197,7.1,2.9,4.2,-0.7447960208599891,-0.6693728508946379
2001-02,Kevin Garnett,708,MIN,26.0,Pre-Analytics,0,12,0,17,1260,0.013,81,39.2,21.2,12.1,5.2,1.2,1.6,2.8,0.47,0.319,0.801,0.536,12.8,0.194,0.605,4.4,108.2,102.6,5.5,0.258,0.176,0.26,0.254,0.333,8.1,1.3,3.1,1.6715599427959824,-0.6594190202702683
2001-02,Michael Jordan,893,WAS,39.0,Pre-Analytics,0,13,0,16,1260,0.013,60,34.8,22.9,5.7,5.2,1.4,0.4,2.7,0.416,0.189,0.79,0.468,3.3,0.075,0.5,0.3,105.3,105.7,-0.3,0.356,0.143,0.332,0.331,0.187,5.6,1.4,3.6,-1.0288572643323866,-1.875729062673371
2001-02,Steve Nash,959,DAL,28.0,Pre-Analytics,0,14,0,5,1260,0.004,82,34.6,17.9,3.1,7.7,0.6,0.0,2.8,0.483,0.455,0.887,0.602,9.9,0.167,0.695,3.8,110.7,105.2,5.5,0.223,0.136,0.235,0.478,0.103,5.2,3.0,2.7,-1.4505810129325718,-3.2264741679782922
2001-02,Jerry Stackhouse,711,DET,27.0,Pre-Analytics,0,15,0,3,1260,0.002,76,35.3,21.4,4.1,5.3,1.0,0.5,3.5,0.397,0.287,0.858,0.518,5.8,0.104,0.592,1.3,102.1,100.3,1.9,0.314,0.131,0.308,0.339,0.146,5.6,4.0,3.8,-1.6854942490329134,-2.376673398522266
2001-02,Mike Bibby,1710,SAC,24.0,Pre-Analytics,0,16,0,1,1260,0.001,80,33.2,13.7,2.8,5.0,1.1,0.2,1.7,0.453,0.37,0.803,0.513,6.3,0.113,0.738,4.9,107.2,99.5,7.7,0.195,0.097,0.188,0.294,0.09,3.8,2.4,2.6,0.44522244365641067,-5.558716110099965
2001-02,Elton Brand,1882,LAC,23.0,Pre-Analytics,0,16,0,1,1260,0.001,80,37.7,18.2,11.6,2.4,1.0,2.0,2.2,0.527,0.0,0.742,0.586,13.6,0.216,0.475,0.1,105.4,105.2,0.2,0.209,0.151,0.241,0.145,0.337,10.6,1.4,2.3,4.01962438240064,-1.4668156086107234
2001-02,Peja Stojakovic,978,SAC,25.0,Pre-Analytics,0,16,0,1,1260,0.001,71,37.3,21.2,5.3,2.5,1.1,0.2,2.0,0.484,0.416,0.876,0.592,9.9,0.179,0.732,5.4,108.6,100.9,7.6,0.232,0.125,0.258,0.129,0.154,6.6,3.9,3.8,-0.06804708573723872,-2.012557517864593
2001-02,Jason Kidd,467,NJN,29.0,Pre-Analytics,0,2,45,897,1260,0.712,82,37.3,14.7,7.3,9.9,2.1,0.2,3.5,0.391,0.321,0.814,0.484,8.9,0.14,0.634,4.2,104.0,98.5,5.5,0.217,0.156,0.192,0.499,0.212,3.7,2.6,2.5,-0.9611851459023006,-4.468244030889391
2001-02,Shaquille O'Neal,406,LAL,30.0,Pre-Analytics,0,3,15,696,1260,0.552,67,36.1,27.2,10.7,3.0,0.6,2.0,2.6,0.579,0.0,0.555,0.59,13.2,0.262,0.761,8.5,110.4,98.6,11.8,0.314,0.193,0.349,0.164,0.314,20.1,1.9,4.0,3.854608195768468,4.295890167938276
2001-02,Tracy McGrady,1503,ORL,23.0,Pre-Analytics,0,4,7,390,1260,0.31,76,38.3,25.6,7.8,5.3,1.6,1.0,2.5,0.451,0.364,0.748,0.532,11.5,0.189,0.566,3.9,108.1,102.9,5.1,0.31,0.165,0.315,0.293,0.24,10.1,3.4,4.3,-0.6650177370017426,0.07156021409489108
2001-02,Kobe Bryant,977,LAL,23.0,Pre-Analytics,0,5,1,98,1260,0.078,80,38.3,25.2,5.5,5.5,1.5,0.4,2.8,0.469,0.25,0.829,0.544,12.7,0.199,0.7,5.6,109.1,101.7,7.4,0.299,0.156,0.309,0.301,0.159,9.9,3.6,4.3,-1.1647498751812047,-0.17004478268997616
2001-02,Gary Payton,56,SEA,33.0,Pre-Analytics,0,6,1,54,1260,0.043,82,40.2,22.1,4.8,9.0,1.6,0.3,2.5,0.467,0.314,0.797,0.526,12.6,0.183,0.549,2.5,107.0,103.8,3.2,0.266,0.16,0.27,0.462,0.143,10.6,3.2,4.1,-1.774939065189632,-1.7206703594231756
2001-02,Chris Webber,185,SAC,29.0,Pre-Analytics,0,7,0,37,1260,0.029,54,38.4,24.5,10.1,4.8,1.7,1.4,2.9,0.495,0.263,0.749,0.54,8.6,0.2,0.778,7.6,110.3,100.4,9.9,0.288,0.158,0.285,0.235,0.291,10.9,3.0,4.1,0.9370775467231308,0.9780139497043709
2001-02,Dirk Nowitzki,1717,DAL,24.0,Pre-Analytics,0,8,0,31,1260,0.025,76,38.0,23.4,9.9,2.4,1.1,1.0,1.9,0.477,0.397,0.853,0.599,13.4,0.222,0.697,5.4,112.8,105.9,6.9,0.25,0.159,0.275,0.137,0.298,6.2,3.9,3.4,0.8058978341837649,-0.3753322848027304
2001-02,Allen Iverson,947,PHI,27.0,Pre-Analytics,0,9,0,29,1260,0.023,60,43.7,31.4,4.5,5.5,2.8,0.2,4.0,0.398,0.291,0.812,0.489,6.9,0.126,0.6,4.7,102.1,96.6,5.5,0.365,0.149,0.367,0.302,0.109,10.2,6.6,6.1,-4.230836179659919,0.8193951362323582
2002-03,Tim Duncan,1495,SAS,27.0,Pre-Analytics,1,1,60,962,1190,0.808,81,39.3,23.3,12.9,3.9,0.7,2.9,3.1,0.513,0.273,0.71,0.564,16.5,0.248,0.741,6.8,105.6,96.4,9.2,0.276,0.206,0.294,0.237,0.367,13.0,1.0,3.2,3.5551876167880776,1.8819703850318688
2002-03,Chris Webber,185,SAC,30.0,Pre-Analytics,0,10,0,19,1190,0.016,67,39.1,23.0,10.5,5.4,1.6,1.3,3.2,0.461,0.238,0.607,0.485,6.9,0.127,0.731,6.0,105.3,97.8,7.5,0.3,0.147,0.274,0.259,0.3,10.1,1.7,3.4,1.619955046131149,-0.3137586429913318
2002-03,Jamal Mashburn,469,NOH,30.0,Pre-Analytics,0,11,0,1,1190,0.001,82,40.6,21.6,6.1,5.6,1.0,0.2,2.8,0.422,0.389,0.848,0.507,9.0,0.13,0.573,1.9,103.1,100.5,2.6,0.265,0.137,0.272,0.306,0.167,6.4,1.8,3.0,-0.6821650401023552,-3.0671745599651707
2002-03,Steve Nash,959,DAL,29.0,Pre-Analytics,0,11,0,1,1190,0.001,82,33.1,17.8,2.9,7.3,1.0,0.1,2.3,0.465,0.413,0.909,0.576,11.6,0.206,0.732,6.6,111.2,101.3,9.9,0.236,0.146,0.244,0.465,0.099,6.5,3.1,3.2,-1.3381160144400264,-2.818516719833168
2002-03,Paul Pierce,1718,BOS,25.0,Pre-Analytics,0,11,0,1,1190,0.001,79,39.2,25.9,7.3,4.4,1.8,0.8,3.6,0.416,0.302,0.802,0.532,10.1,0.157,0.532,1.6,101.9,99.9,2.0,0.322,0.158,0.336,0.276,0.22,8.7,2.5,4.6,-1.2165553209997306,-0.4254570119892251
2002-03,Kevin Garnett,708,MIN,27.0,Pre-Analytics,0,2,43,871,1190,0.732,82,40.5,23.0,13.4,6.0,1.4,1.6,2.8,0.502,0.282,0.751,0.553,15.6,0.225,0.622,5.1,106.8,100.6,6.2,0.258,0.197,0.272,0.277,0.362,9.2,1.4,3.5,1.9400066207639222,0.45815925923895334
2002-03,Kobe Bryant,977,LAL,24.0,Pre-Analytics,0,3,8,496,1190,0.417,82,41.5,30.0,6.9,5.9,2.2,0.8,3.5,0.451,0.383,0.843,0.55,14.9,0.21,0.61,3.2,106.4,102.8,3.6,0.323,0.18,0.345,0.294,0.181,9.0,3.3,5.2,-2.485912705427666,0.8671794586659842
2002-03,Tracy McGrady,1503,ORL,24.0,Pre-Analytics,0,4,4,427,1190,0.359,75,39.3,32.1,6.5,5.5,1.7,0.8,2.6,0.457,0.386,0.793,0.564,16.1,0.262,0.52,2.7,108.1,104.5,3.6,0.347,0.192,0.38,0.319,0.196,8.8,4.0,5.6,-2.488229685003929,1.6904193994326078
2002-03,Shaquille O'Neal,406,LAL,31.0,Pre-Analytics,0,5,3,126,1190,0.106,67,37.8,27.5,11.1,3.1,0.6,2.4,2.9,0.574,0.0,0.622,0.602,13.2,0.25,0.672,5.4,110.4,103.5,6.9,0.3,0.18,0.334,0.157,0.32,19.6,1.7,3.5,3.640614165656196,3.6304128106789646
2002-03,Allen Iverson,947,PHI,28.0,Pre-Analytics,0,6,0,83,1190,0.07,82,42.5,27.6,4.2,5.5,2.7,0.2,3.5,0.414,0.277,0.774,0.5,9.2,0.127,0.585,2.2,103.3,100.6,2.7,0.324,0.137,0.321,0.293,0.114,9.1,5.5,6.8,-3.62841606980749,-0.5137176295753331
2002-03,Dirk Nowitzki,1717,DAL,25.0,Pre-Analytics,0,7,0,43,1190,0.036,80,39.0,25.1,9.9,3.0,1.4,1.0,1.9,0.463,0.379,0.881,0.581,16.1,0.249,0.738,9.7,112.2,99.3,12.9,0.269,0.179,0.293,0.163,0.289,6.1,3.2,3.9,0.6384036215434281,0.38047545402867644
2002-03,Ben Wallace,1112,DET,28.0,Pre-Analytics,0,8,1,33,1190,0.028,73,39.3,6.9,15.4,1.6,1.4,3.2,1.2,0.481,0.167,0.45,0.486,10.6,0.176,0.616,3.0,101.2,96.6,4.6,0.101,0.153,0.095,0.105,0.462,5.0,0.3,0.9,7.9142075407227646,-4.934801997796906
2002-03,Jason Kidd,467,NJN,30.0,Pre-Analytics,0,9,0,31,1190,0.026,80,37.4,18.7,6.3,8.9,2.2,0.3,3.7,0.414,0.341,0.841,0.526,11.3,0.182,0.6,6.2,104.7,96.4,8.2,0.248,0.174,0.243,0.47,0.185,5.2,4.7,3.9,-2.032992059739038,-2.2935660069174455
2003-04,Kevin Garnett,708,MIN,28.0,Pre-Analytics,1,1,120,1219,1230,0.991,82,39.5,24.2,13.9,5.0,1.5,2.2,2.6,0.499,0.256,0.791,0.547,18.3,0.272,0.707,7.5,106.3,96.7,9.6,0.291,0.222,0.304,0.254,0.392,9.7,1.8,3.6,2.381036142217035,1.7564100003591447
2003-04,Sam Cassell,208,MIN,34.0,Pre-Analytics,0,10,0,4,1230,0.003,81,35.2,19.8,3.3,7.3,1.3,0.2,2.7,0.488,0.398,0.873,0.566,12.1,0.205,0.704,6.6,107.1,97.3,9.8,0.264,0.151,0.277,0.419,0.105,4.6,2.8,2.9,-1.207473311700081,-2.4102953666423623
2003-04,Baron Davis,1884,NOH,25.0,Pre-Analytics,0,10,0,4,1230,0.003,67,40.1,22.9,4.3,7.5,2.4,0.4,3.2,0.395,0.321,0.673,0.492,7.5,0.133,0.537,2.6,102.5,98.9,3.5,0.295,0.136,0.293,0.43,0.118,7.3,4.3,5.1,-2.6677294395864215,-2.09715754791999
2003-04,Dirk Nowitzki,1717,DAL,26.0,Pre-Analytics,0,10,0,4,1230,0.003,77,37.9,21.8,8.7,2.7,1.2,1.4,1.8,0.462,0.341,0.877,0.561,11.5,0.19,0.636,5.3,112.1,105.4,6.7,0.242,0.14,0.259,0.138,0.248,5.3,3.1,3.6,0.846470524733207,-1.5570305647630385
2003-04,Andrei Kirilenko,1905,UTA,23.0,Pre-Analytics,0,13,0,2,1230,0.002,78,37.3,16.5,8.1,3.1,1.9,2.8,2.8,0.443,0.338,0.79,0.559,11.6,0.192,0.538,1.1,102.4,100.6,1.8,0.215,0.163,0.234,0.192,0.25,7.7,2.9,3.1,1.6207440745166344,-2.4070779309685437
2003-04,Carmelo Anthony,2546,DEN,20.0,Pre-Analytics,0,14,0,1,1230,0.001,82,36.5,21.0,6.1,2.8,1.2,0.5,3.0,0.426,0.322,0.777,0.509,6.1,0.098,0.524,0.8,103.6,102.5,1.1,0.282,0.105,0.279,0.164,0.191,9.3,4.7,4.0,-0.45235701953750934,-2.4060390220983825
2003-04,Yao Ming,2397,HOU,23.0,Pre-Analytics,0,14,0,1,1230,0.001,82,32.9,17.5,9.0,1.5,0.3,1.9,2.5,0.522,0.0,0.809,0.586,11.4,0.202,0.549,2.5,100.8,96.8,3.9,0.249,0.158,0.282,0.11,0.31,9.1,0.5,2.3,4.359749911092792,-1.3062499302842887
2003-04,Michael Redd,2072,MIL,24.0,Pre-Analytics,0,14,0,1,1230,0.001,82,36.8,21.7,5.0,2.3,1.0,0.1,1.4,0.44,0.35,0.868,0.544,9.7,0.154,0.5,-0.7,103.6,104.9,-1.3,0.254,0.123,0.288,0.131,0.152,7.4,3.3,3.4,-0.2640830871880176,-3.2476291513744724
2003-04,Tim Duncan,1495,SAS,28.0,Pre-Analytics,0,2,0,716,1230,0.582,69,36.6,22.3,12.4,3.1,0.9,2.7,2.7,0.501,0.167,0.599,0.534,13.1,0.249,0.739,7.9,101.5,90.1,11.4,0.296,0.212,0.32,0.195,0.359,12.4,1.4,3.7,4.1607205091733475,1.9986757286995895
2003-04,Jermaine O'Neal,979,IND,25.0,Pre-Analytics,0,3,2,523,1230,0.425,78,35.8,20.1,10.0,2.1,0.8,2.6,2.3,0.434,0.111,0.757,0.489,9.0,0.155,0.731,5.7,103.6,95.5,8.1,0.298,0.149,0.292,0.125,0.319,9.1,1.1,3.4,3.453785458024817,-0.7469765902506817
2003-04,Peja Stojakovic,978,SAC,27.0,Pre-Analytics,0,4,1,281,1230,0.228,81,40.4,24.2,6.3,2.1,1.3,0.2,1.9,0.48,0.433,0.927,0.624,13.5,0.198,0.679,5.3,109.6,102.9,6.7,0.234,0.138,0.277,0.095,0.184,6.3,3.2,4.0,-0.36633848994852924,-1.3482739622576856
2003-04,Kobe Bryant,977,LAL,25.0,Pre-Analytics,0,5,0,212,1230,0.172,65,37.7,24.0,5.5,5.1,1.7,0.4,2.6,0.438,0.327,0.852,0.551,10.7,0.21,0.738,4.8,106.1,100.0,6.1,0.281,0.156,0.303,0.268,0.162,9.0,2.9,4.6,-1.1674837188558027,-0.7901940333866629
2003-04,Shaquille O'Neal,406,LAL,32.0,Pre-Analytics,0,6,0,178,1230,0.145,67,36.8,21.5,11.5,2.9,0.5,2.5,2.9,0.584,0.0,0.49,0.578,9.9,0.192,0.731,6.6,107.5,98.4,9.0,0.258,0.156,0.277,0.151,0.332,16.0,1.2,2.8,5.287029241272083,1.6893980665236732
2003-04,Ben Wallace,1112,DET,29.0,Pre-Analytics,0,7,0,24,1230,0.02,81,37.8,9.5,12.4,1.7,1.8,3.0,1.5,0.421,0.125,0.49,0.441,10.2,0.16,0.667,5.4,100.4,93.2,7.3,0.15,0.134,0.134,0.105,0.367,6.7,0.7,1.4,6.428988104118406,-4.900714387166146
2003-04,Jason Kidd,467,NJN,31.0,Pre-Analytics,0,8,0,17,1230,0.014,67,36.8,15.5,6.4,9.2,1.8,0.2,3.2,0.384,0.321,0.827,0.485,7.2,0.141,0.612,5.4,101.6,93.9,7.8,0.235,0.157,0.214,0.465,0.202,3.6,3.4,2.8,-0.9122877096723723,-4.0833262774172425
2003-04,LeBron James,2544,CLE,19.0,Pre-Analytics,0,9,0,11,1230,0.009,79,39.6,20.9,5.5,5.9,1.6,0.7,3.5,0.417,0.29,0.754,0.488,5.1,0.078,0.418,-1.8,101.4,103.4,-2.0,0.276,0.123,0.27,0.322,0.147,9.5,5.1,4.3,-1.6910426865543826,-2.7094592032031053
2004-05,Steve Nash,959,PHX,31.0,Pre-Analytics,1,1,65,1066,1270,0.839,75,34.2,15.5,3.3,11.5,1.0,0.1,3.3,0.502,0.431,0.887,0.606,10.9,0.203,0.8,8.9,118.6,105.7,12.9,0.201,0.145,0.188,0.616,0.108,4.3,1.9,2.3,-1.5915197596392678,-3.0346881164262434
2004-05,Kevin Garnett,708,MIN,29.0,Pre-Analytics,0,11,0,15,1270,0.012,82,38.1,22.2,13.5,5.7,1.5,1.4,2.7,0.502,0.24,0.811,0.567,16.1,0.248,0.537,1.7,106.9,104.6,2.3,0.268,0.213,0.286,0.296,0.4,9.5,1.4,2.7,1.826058324880031,0.3662637636273362
2004-05,Gilbert Arenas,2240,WAS,23.0,Pre-Analytics,0,12,0,4,1270,0.003,80,41.0,25.5,4.7,5.1,1.7,0.3,3.0,0.431,0.365,0.814,0.565,11.5,0.169,0.55,1.2,106.7,105.7,1.0,0.265,0.138,0.292,0.321,0.129,7.0,3.8,4.8,-2.376188594039703,-1.6613786547827027
2004-05,Vince Carter,1713,NJN,28.0,Pre-Analytics,0,13,0,3,1270,0.002,77,36.9,24.5,5.2,4.2,1.4,0.6,2.2,0.452,0.406,0.798,0.541,9.4,0.159,0.519,0.5,102.1,101.5,0.5,0.305,0.152,0.337,0.244,0.172,8.8,2.7,4.7,-1.064180801079679,-1.1754787362902985
2004-05,P.J. Brown,136,NOH,35.0,Pre-Analytics,0,14,0,1,1270,0.001,82,34.5,10.8,9.0,2.2,0.9,0.6,1.2,0.446,0.0,0.864,0.512,6.9,0.118,0.22,-4.9,99.0,106.8,-7.8,0.157,0.113,0.169,0.139,0.308,4.0,0.7,1.6,3.466007598774287,-6.839564089333336
2004-05,Marcus Camby,948,DEN,31.0,Pre-Analytics,0,14,0,1,1270,0.001,66,30.6,10.3,10.0,2.3,0.9,3.0,1.6,0.465,0.0,0.723,0.505,5.8,0.138,0.652,1.6,104.7,102.0,2.7,0.174,0.142,0.165,0.15,0.373,4.9,1.4,1.4,5.559452839874085,-4.213136917244633
2004-05,Shawn Marion,1890,PHX,27.0,Pre-Analytics,0,14,0,1,1270,0.001,81,38.8,19.4,11.3,1.9,2.0,1.5,1.5,0.476,0.334,0.833,0.556,12.5,0.191,0.765,8.1,114.9,105.0,9.9,0.208,0.14,0.212,0.096,0.318,9.4,4.5,3.6,1.7857592362628132,-1.0536056103956637
2004-05,Shaquille O'Neal,406,MIA,33.0,Pre-Analytics,0,2,58,1032,1270,0.813,73,34.2,22.9,10.4,2.7,0.5,2.3,2.8,0.601,0.0,0.461,0.583,11.0,0.211,0.726,6.5,111.8,101.7,10.0,0.301,0.161,0.31,0.167,0.339,17.3,0.8,2.5,5.0122621887430645,2.592808835910362
2004-05,Dirk Nowitzki,1717,DAL,27.0,Pre-Analytics,0,3,0,349,1270,0.275,78,38.8,26.1,9.7,3.1,1.2,1.5,2.3,0.459,0.399,0.869,0.578,15.6,0.248,0.718,7.5,111.2,101.7,9.5,0.284,0.186,0.306,0.191,0.279,5.9,3.0,4.3,0.32977168778588273,0.7231066536603614
2004-05,Tim Duncan,1495,SAS,29.0,Pre-Analytics,0,4,1,328,1270,0.258,66,33.4,20.3,11.1,2.7,0.7,2.6,1.9,0.496,0.333,0.67,0.54,11.2,0.245,0.758,10.5,109.5,93.1,16.3,0.289,0.204,0.297,0.173,0.373,10.3,1.5,3.2,3.9796591962137793,1.4262333876994036
2004-05,Allen Iverson,947,PHI,30.0,Pre-Analytics,0,5,2,240,1270,0.189,75,42.3,30.7,4.0,7.9,2.4,0.1,4.6,0.424,0.308,0.835,0.532,9.0,0.136,0.547,0.2,103.3,103.2,0.2,0.344,0.161,0.346,0.434,0.109,10.8,5.9,5.4,-4.707433758188738,0.4208985851923541
2004-05,LeBron James,2544,CLE,20.0,Pre-Analytics,0,6,0,93,1270,0.073,80,42.3,27.2,7.4,7.2,2.2,0.7,3.3,0.472,0.351,0.75,0.554,14.3,0.203,0.513,1.9,106.2,104.1,2.1,0.292,0.19,0.319,0.365,0.199,11.7,5.5,5.9,-2.536871698462244,1.0169702126998834
2004-05,Tracy McGrady,1503,HOU,26.0,Pre-Analytics,0,7,0,44,1270,0.035,78,40.9,25.7,6.2,5.7,1.7,0.7,2.6,0.431,0.326,0.774,0.526,12.0,0.18,0.628,3.7,105.6,101.0,4.6,0.304,0.161,0.314,0.315,0.174,6.7,2.6,4.0,-1.190160982226674,-0.9980146040093247
2004-05,Dwyane Wade,2548,MIA,23.0,Pre-Analytics,0,8,0,43,1270,0.034,77,38.7,24.1,5.2,6.8,1.6,1.1,4.2,0.478,0.289,0.762,0.561,11.0,0.177,0.727,5.2,109.8,103.2,6.5,0.302,0.153,0.293,0.392,0.152,11.1,3.6,3.5,-1.325431652562853,0.14206989243392518
2004-05,Amar'e Stoudemire,2405,PHX,22.0,Pre-Analytics,0,9,1,41,1270,0.032,80,36.1,26.0,8.9,1.6,1.0,1.6,2.4,0.559,0.188,0.733,0.617,14.6,0.243,0.75,7.6,116.0,105.5,10.4,0.283,0.152,0.306,0.089,0.281,14.1,3.9,3.3,2.142580515714587,2.1174006299854984
2004-05,Ray Allen,951,SEA,29.0,Pre-Analytics,0,9,0,41,1270,0.032,78,39.3,23.9,4.4,3.7,1.1,0.1,2.2,0.428,0.376,0.883,0.555,10.7,0.168,0.641,3.5,111.5,107.4,4.1,0.27,0.137,0.289,0.241,0.132,5.9,2.8,3.3,-1.3802432129566413,-2.101552132153284
2005-06,Steve Nash,959,PHX,32.0,Transition,1,1,57,924,1250,0.739,79,35.4,18.8,4.2,10.5,0.8,0.2,3.5,0.512,0.439,0.921,0.632,12.4,0.212,0.684,6.0,112.3,104.1,8.2,0.227,0.166,0.234,0.524,0.14,5.9,2.2,2.8,-1.5877362550926972,-1.910157089212217
2005-06,Allen Iverson,947,PHI,31.0,Transition,0,10,0,1,1250,0.001,72,43.1,33.0,3.2,7.4,1.9,0.1,3.4,0.447,0.323,0.814,0.543,10.6,0.165,0.486,-0.1,106.7,106.5,0.1,0.35,0.163,0.362,0.412,0.091,12.1,4.7,5.8,-4.3669419852544085,0.885255009842796
2005-06,Shawn Marion,1890,PHX,28.0,Transition,0,10,0,1,1250,0.001,81,40.3,21.8,11.8,1.8,2.0,1.7,1.5,0.525,0.331,0.809,0.591,14.6,0.214,0.654,5.1,109.9,103.7,6.2,0.218,0.159,0.242,0.079,0.34,12.6,4.4,4.2,2.0356846147135856,0.14933651302659512
2005-06,LeBron James,2544,CLE,21.0,Transition,0,2,16,688,1250,0.55,79,42.5,31.4,7.0,6.6,1.6,0.8,3.3,0.48,0.335,0.738,0.568,16.3,0.232,0.595,3.5,108.2,104.4,3.8,0.329,0.192,0.358,0.384,0.188,12.8,6.2,5.2,-2.522500675632917,2.327791241781202
2005-06,Dirk Nowitzki,1717,DAL,28.0,Transition,0,3,14,544,1250,0.435,81,38.1,26.6,9.0,2.8,0.7,1.0,1.9,0.48,0.406,0.901,0.589,17.7,0.275,0.741,6.3,111.9,103.3,8.6,0.293,0.205,0.333,0.192,0.271,6.8,2.6,4.4,0.2585491844070793,1.2511015661125433
2005-06,Kobe Bryant,977,LAL,27.0,Transition,0,4,22,483,1250,0.386,80,41.0,35.4,5.3,4.5,1.8,0.4,3.1,0.45,0.347,0.85,0.559,15.3,0.224,0.563,4.0,109.7,105.0,4.7,0.378,0.181,0.405,0.243,0.15,9.6,4.3,5.9,-3.393934920884327,2.382429827779708
2005-06,Chauncey Billups,1497,DET,29.0,Transition,0,5,15,430,1250,0.344,81,36.1,18.5,3.1,8.6,0.9,0.1,2.1,0.418,0.433,0.894,0.602,15.5,0.254,0.79,7.3,111.3,100.5,10.8,0.225,0.162,0.251,0.483,0.106,2.8,2.4,3.5,-1.6931273040236565,-2.923506468227583
2005-06,Dwyane Wade,2548,MIA,24.0,Transition,0,6,0,87,1250,0.07,75,38.6,27.2,5.7,6.7,1.9,0.8,3.6,0.495,0.171,0.783,0.577,14.4,0.239,0.64,6.5,110.5,102.1,8.4,0.318,0.186,0.327,0.392,0.164,12.5,4.5,3.9,-1.5181767227311092,1.5725343323476202
2005-06,Elton Brand,1882,LAC,27.0,Transition,0,7,1,50,1250,0.04,79,39.2,24.7,10.0,2.6,1.0,2.5,2.2,0.527,0.333,0.775,0.58,14.8,0.229,0.557,2.3,104.9,102.0,2.9,0.272,0.176,0.307,0.151,0.283,12.0,1.9,3.3,2.288406982746964,0.5591087935994129
2005-06,Tim Duncan,1495,SAS,30.0,Transition,0,8,0,33,1250,0.026,80,34.8,18.6,11.0,3.2,0.9,2.0,2.5,0.484,0.4,0.629,0.523,10.8,0.187,0.763,6.5,106.6,97.1,9.5,0.274,0.172,0.269,0.212,0.364,10.8,0.5,3.2,3.3870134090976887,-0.13492913422938957
2005-06,Tony Parker,2225,SAS,24.0,Transition,0,9,0,9,1250,0.007,80,33.9,18.9,3.3,5.8,1.0,0.1,3.1,0.548,0.306,0.707,0.584,9.6,0.169,0.763,6.4,107.7,97.5,10.1,0.266,0.154,0.274,0.4,0.112,11.2,3.9,3.6,-0.17771437362537526,-0.7084347469476133
2006-07,Dirk Nowitzki,1717,DAL,29.0,Transition,1,1,83,1138,1290,0.882,78,36.2,24.6,8.9,3.4,0.7,0.8,2.1,0.502,0.416,0.904,0.605,16.3,0.278,0.821,8.0,113.7,102.1,11.6,0.283,0.201,0.315,0.221,0.28,6.4,1.7,3.6,0.7529729324804543,1.0148050894177956
2006-07,Chauncey Billups,1497,DET,30.0,Transition,0,11,0,4,1290,0.003,70,36.2,17.0,3.4,7.2,1.2,0.2,2.0,0.427,0.345,0.883,0.591,11.4,0.216,0.686,5.3,110.5,103.0,7.5,0.212,0.146,0.23,0.434,0.114,3.0,2.1,3.0,-1.058684196751415,-3.722844301218737
2006-07,Dwyane Wade,2548,MIA,25.0,Transition,0,12,0,3,1290,0.002,51,37.9,27.4,4.7,7.5,2.1,1.2,4.2,0.491,0.266,0.807,0.583,8.8,0.219,0.529,1.9,106.1,104.1,2.0,0.333,0.195,0.349,0.468,0.145,11.3,3.3,5.1,-2.676956673670671,1.560756120315079
2006-07,Amar'e Stoudemire,2405,PHX,24.0,Transition,0,14,0,2,1290,0.002,82,32.8,20.4,9.6,1.0,1.0,1.3,2.8,0.575,0.0,0.781,0.637,11.2,0.201,0.744,5.5,113.9,105.6,8.3,0.252,0.144,0.269,0.058,0.347,12.0,1.9,2.7,3.623168473358424,0.7807628187068646
2006-07,Carmelo Anthony,2546,DEN,23.0,Transition,0,15,0,1,1290,0.001,65,38.2,28.9,6.0,3.8,1.2,0.4,3.6,0.476,0.268,0.808,0.552,7.3,0.14,0.569,1.4,108.7,107.0,1.7,0.328,0.134,0.338,0.195,0.181,13.7,5.4,5.2,-1.8187304510913245,1.1116860593397035
2006-07,Baron Davis,1884,GSW,28.0,Transition,0,15,0,1,1290,0.001,63,35.3,20.1,4.4,8.1,2.1,0.5,3.1,0.439,0.304,0.745,0.53,6.4,0.139,0.571,3.9,109.2,103.9,5.3,0.263,0.141,0.251,0.457,0.144,8.7,4.4,4.3,-2.015319358582838,-1.9736701705032245
2006-07,Tony Parker,2225,SAS,25.0,Transition,0,15,0,1,1290,0.001,77,32.5,18.6,3.2,5.5,1.1,0.1,2.5,0.52,0.395,0.783,0.572,9.6,0.185,0.714,6.7,109.0,98.3,10.6,0.272,0.155,0.277,0.381,0.119,9.7,4.5,3.5,-0.6725953932169564,-1.1788018147213197
2006-07,Steve Nash,959,PHX,33.0,Transition,0,2,44,1013,1290,0.785,76,35.3,18.6,3.5,11.6,0.8,0.1,3.8,0.532,0.455,0.899,0.654,12.6,0.225,0.776,8.0,116.7,105.4,11.3,0.223,0.165,0.222,0.57,0.119,5.6,1.8,2.8,-1.8527953000934516,-1.5021266680118595
2006-07,Kobe Bryant,977,LAL,28.0,Transition,0,3,2,521,1290,0.404,77,40.8,31.6,5.7,5.4,1.4,0.5,3.3,0.463,0.344,0.868,0.58,13.0,0.199,0.506,1.3,108.1,106.9,1.3,0.328,0.172,0.359,0.283,0.164,9.0,2.7,4.8,-2.4541734717943915,0.8401085631724952
2006-07,Tim Duncan,1495,SAS,31.0,Transition,0,4,0,286,1290,0.222,80,34.1,20.0,10.6,3.4,0.8,2.4,2.8,0.546,0.111,0.637,0.579,13.0,0.23,0.725,9.4,111.1,96.5,14.6,0.279,0.189,0.281,0.219,0.365,12.3,0.7,3.2,4.223460046600365,1.7015848022376057
2006-07,LeBron James,2544,CLE,22.0,Transition,0,5,0,183,1290,0.142,78,40.9,27.3,6.7,6.0,1.6,0.7,3.2,0.476,0.319,0.698,0.552,13.7,0.206,0.603,4.8,105.6,99.9,5.7,0.303,0.181,0.33,0.343,0.183,12.1,4.8,4.6,-1.3001788931750662,1.025649418277275
2006-07,Tracy McGrady,1503,HOU,28.0,Transition,0,6,0,110,1290,0.085,71,35.8,24.6,5.3,6.5,1.3,0.5,3.0,0.431,0.331,0.707,0.515,8.6,0.163,0.704,5.7,107.0,99.3,7.7,0.34,0.161,0.332,0.394,0.164,5.8,1.6,4.0,-1.118838220558605,-0.6270206589636801
2006-07,Chris Bosh,2547,TOR,23.0,Transition,0,7,0,43,1290,0.033,69,38.5,22.6,10.7,2.5,0.6,1.3,2.6,0.496,0.343,0.785,0.577,9.6,0.174,0.594,2.7,107.5,103.8,3.8,0.266,0.158,0.28,0.137,0.337,9.4,1.6,3.1,2.1179223872231465,-0.21628224081867137
2006-07,Gilbert Arenas,2240,WAS,25.0,Transition,0,8,0,31,1290,0.024,74,39.8,28.4,4.6,6.0,1.9,0.2,3.2,0.418,0.351,0.844,0.565,10.8,0.177,0.527,2.6,111.4,108.5,2.9,0.302,0.142,0.317,0.356,0.132,6.6,4.2,4.7,-3.35921583762197,-0.7498446401483034
2006-07,Carlos Boozer,2430,UTA,25.0,Transition,0,9,0,7,1290,0.005,74,34.6,20.9,11.7,3.0,0.9,0.3,2.6,0.561,0.0,0.685,0.588,9.9,0.185,0.608,2.2,109.2,106.3,2.9,0.262,0.181,0.282,0.159,0.383,13.6,1.7,2.8,3.2576388879142293,0.8633420070100911
2006-07,Kevin Garnett,708,MIN,31.0,Transition,0,9,0,7,1290,0.005,76,39.4,22.4,12.8,4.1,1.2,1.7,2.7,0.476,0.214,0.835,0.546,10.7,0.171,0.421,0.1,104.4,104.4,-0.1,0.272,0.191,0.284,0.218,0.396,8.0,1.0,2.9,2.0672525715331447,-0.4778738184920868
2007-08,Kobe Bryant,977,LAL,29.0,Transition,1,1,82,1100,1260,0.873,82,38.9,28.3,6.3,5.4,1.8,0.5,3.1,0.459,0.361,0.84,0.576,13.8,0.208,0.695,7.3,112.8,103.9,8.9,0.309,0.159,0.317,0.274,0.177,9.0,3.1,4.3,-1.7323064023015136,0.598728168335447
2007-08,Manu Ginobili,1938,SAS,30.0,Transition,0,10,0,9,1260,0.007,74,31.1,19.5,4.8,4.5,1.5,0.4,2.7,0.46,0.401,0.86,0.612,11.1,0.232,0.689,5.8,106.8,98.2,8.6,0.274,0.169,0.302,0.327,0.177,5.3,1.8,3.4,-0.4720369734884466,-1.438842354596713
2007-08,Dirk Nowitzki,1717,DAL,30.0,Transition,0,11,0,5,1260,0.004,77,36.0,23.6,8.6,3.5,0.7,0.9,2.1,0.479,0.359,0.879,0.585,12.9,0.223,0.636,6.3,112.5,103.7,8.7,0.283,0.176,0.304,0.214,0.265,6.2,2.4,2.8,0.7441115590426737,-0.17964293356668418
2007-08,Deron Williams,101114,UTA,24.0,Transition,0,12,0,4,1260,0.003,82,37.3,18.8,3.0,10.5,1.1,0.3,3.4,0.507,0.395,0.803,0.595,11.3,0.177,0.659,5.2,113.2,106.0,7.2,0.229,0.146,0.225,0.5,0.094,7.5,2.5,2.8,-1.6549810406522178,-2.3534450624062586
2007-08,Carmelo Anthony,2546,DEN,24.0,Transition,0,13,0,3,1260,0.002,77,36.4,25.7,7.4,3.4,1.3,0.5,3.3,0.492,0.354,0.786,0.568,8.2,0.14,0.61,2.1,109.3,106.6,2.7,0.296,0.133,0.307,0.177,0.225,10.6,3.6,4.2,-0.5638240249315958,-0.0038436881253860345
2007-08,Carlos Boozer,2430,UTA,26.0,Transition,0,14,0,1,1260,0.001,81,34.9,21.1,10.4,2.9,1.2,0.5,2.6,0.547,0.0,0.738,0.581,10.2,0.173,0.654,5.2,113.5,106.1,7.4,0.263,0.155,0.267,0.143,0.359,12.5,1.4,3.1,2.853229576129617,0.4964543007141229
2007-08,Antawn Jamison,1712,WAS,32.0,Transition,0,14,0,1,1260,0.001,79,38.7,21.4,10.2,1.5,1.3,0.4,1.4,0.436,0.339,0.76,0.525,9.2,0.144,0.519,2.5,109.8,106.8,2.9,0.253,0.133,0.263,0.096,0.301,8.8,1.5,3.0,1.542813590995643,-2.106405600985584
2007-08,Paul Pierce,1718,BOS,30.0,Transition,0,14,0,1,1260,0.001,80,35.9,19.6,5.1,4.5,1.3,0.5,2.8,0.464,0.392,0.843,0.599,12.4,0.207,0.8,9.8,111.4,97.3,14.1,0.245,0.147,0.255,0.267,0.163,6.1,2.3,3.7,-0.08086223588358755,-1.4041643412870584
2007-08,Rasheed Wallace,739,DET,33.0,Transition,0,14,0,1,1260,0.001,77,30.5,12.7,6.6,1.8,1.2,1.7,1.1,0.432,0.356,0.767,0.523,7.6,0.155,0.714,5.8,110.8,100.0,10.8,0.208,0.117,0.204,0.121,0.261,3.0,0.4,1.6,3.26912872253572,-4.558987904062484
2007-08,Chris Paul,101108,NOH,23.0,Transition,0,2,28,894,1260,0.71,80,37.6,21.1,4.0,11.6,2.7,0.1,2.5,0.488,0.369,0.851,0.576,17.8,0.284,0.688,6.0,113.3,105.3,8.0,0.251,0.182,0.257,0.654,0.123,8.7,3.3,3.8,-3.1187401017736294,-1.3876507934618967
2007-08,Kevin Garnett,708,BOS,32.0,Transition,0,3,15,670,1260,0.532,71,32.8,18.8,9.2,3.4,1.4,1.3,1.9,0.539,0.0,0.801,0.588,12.9,0.265,0.803,10.4,112.0,96.0,16.0,0.256,0.197,0.267,0.21,0.316,7.6,1.5,3.7,3.1508921163920243,0.6404719676010586
2007-08,LeBron James,2544,CLE,23.0,Transition,0,4,1,438,1260,0.348,75,40.4,30.0,7.9,7.2,1.8,1.1,3.4,0.484,0.315,0.712,0.568,15.2,0.242,0.6,1.8,107.2,105.5,1.7,0.328,0.199,0.36,0.417,0.211,13.2,5.2,4.9,-2.0566041474330152,2.25242147962512
2007-08,Dwight Howard,2730,ORL,22.0,Transition,0,5,0,60,1260,0.048,82,37.7,20.7,14.2,1.3,0.9,2.1,3.2,0.599,0.0,0.59,0.619,12.9,0.2,0.634,5.9,112.5,105.0,7.5,0.239,0.155,0.245,0.079,0.428,13.7,1.5,2.2,5.329072553054821,1.5303242989131867
2007-08,Amar'e Stoudemire,2405,PHX,25.0,Transition,0,6,0,27,1260,0.021,79,33.9,25.2,9.1,1.5,0.8,2.1,2.2,0.59,0.161,0.805,0.656,14.6,0.262,0.671,5.3,116.0,107.9,8.1,0.278,0.168,0.315,0.078,0.314,13.9,2.3,3.3,2.8065164111595755,2.3560406258025917
2007-08,Tim Duncan,1495,SAS,32.0,Transition,0,7,0,25,1260,0.02,78,34.0,19.3,11.3,2.8,0.7,1.9,2.3,0.497,0.0,0.73,0.546,11.1,0.201,0.692,5.4,108.2,99.9,8.3,0.28,0.177,0.282,0.189,0.383,11.7,0.7,2.4,4.209155790037807,0.2799331951629018
2007-08,Tracy McGrady,1503,HOU,29.0,Transition,0,8,0,19,1260,0.015,66,37.0,21.6,5.1,5.9,1.0,0.5,2.4,0.419,0.292,0.684,0.487,5.8,0.115,0.697,4.0,105.9,100.4,5.5,0.3,0.138,0.288,0.351,0.149,5.8,1.6,3.1,-0.15259014984252545,-2.3908980250555896
2007-08,Steve Nash,959,PHX,34.0,Transition,0,9,0,18,1260,0.014,81,34.3,16.9,3.5,11.1,0.7,0.1,3.6,0.504,0.47,0.906,0.641,10.5,0.181,0.679,6.8,116.3,106.9,9.4,0.213,0.15,0.206,0.548,0.118,3.3,2.1,2.0,-1.7365615756154682,-2.89445741718924
2008-09,LeBron James,2544,CLE,24.0,Transition,1,1,109,1172,1210,0.969,81,37.7,28.4,7.6,7.2,1.7,1.1,3.0,0.489,0.344,0.78,0.591,20.3,0.318,0.815,10.8,114.0,99.4,14.6,0.33,0.226,0.35,0.443,0.227,11.5,5.2,5.8,-1.779065419387275,3.537408744303585
2008-09,Dirk Nowitzki,1717,DAL,31.0,Transition,0,10,0,3,1210,0.002,81,37.7,25.9,8.4,2.4,0.8,0.8,1.9,0.479,0.359,0.89,0.564,10.9,0.171,0.605,3.0,110.0,106.5,3.5,0.295,0.16,0.319,0.14,0.255,6.4,2.2,3.4,0.40272329662509376,-0.4584438319100857
2008-09,Tim Duncan,1495,SAS,33.0,Transition,0,11,0,2,1210,0.002,75,33.7,19.3,10.7,3.5,0.5,1.7,2.2,0.504,0.0,0.692,0.549,10.1,0.191,0.653,3.4,108.8,103.6,5.2,0.285,0.167,0.283,0.23,0.379,10.2,0.3,2.3,3.9393264864602577,-0.19184585922113506
2008-09,Yao Ming,2397,HOU,28.0,Transition,0,12,0,1,1210,0.001,77,33.6,19.7,9.9,1.8,0.4,1.9,3.0,0.548,1.0,0.866,0.618,10.6,0.196,0.649,5.8,109.0,100.1,8.9,0.258,0.161,0.282,0.122,0.323,11.1,0.3,1.8,2.0383869072153167,-0.19106694053536225
2008-09,Kobe Bryant,977,LAL,30.0,Transition,0,2,2,698,1210,0.577,82,36.1,26.8,5.2,4.9,1.5,0.5,2.6,0.467,0.351,0.856,0.561,12.7,0.206,0.793,8.0,114.3,103.4,10.9,0.317,0.159,0.326,0.286,0.156,8.9,2.9,4.0,-1.3417260145922374,0.4420681188962834
2008-09,Dwyane Wade,2548,MIA,27.0,Transition,0,3,7,680,1210,0.562,79,38.6,30.2,5.0,7.5,2.2,1.3,3.4,0.491,0.317,0.765,0.574,14.7,0.232,0.532,2.7,109.1,105.4,3.6,0.352,0.195,0.371,0.448,0.16,11.9,4.2,5.4,-2.9065434767108127,2.1084340069912724
2008-09,Dwight Howard,2730,ORL,23.0,Transition,0,4,1,328,1210,0.271,79,35.7,20.6,13.8,1.4,1.0,2.9,3.0,0.572,0.0,0.594,0.6,13.8,0.234,0.722,7.0,110.3,100.3,10.1,0.258,0.173,0.269,0.095,0.431,13.7,1.4,2.7,5.585035643196857,2.0508329234945584
2008-09,Chris Paul,101108,NOH,24.0,Transition,0,5,2,192,1210,0.159,78,38.5,22.8,5.5,11.0,2.8,0.1,3.0,0.503,0.364,0.868,0.599,18.3,0.292,0.603,4.5,111.1,104.6,6.5,0.271,0.212,0.286,0.675,0.17,9.8,3.9,3.8,-3.273246449013564,-0.09811802089919676
2008-09,Chauncey Billups,1497,DEN,32.0,Transition,0,6,0,33,1210,0.027,79,35.3,17.7,3.0,6.4,1.2,0.2,2.2,0.418,0.408,0.913,0.592,10.1,0.174,0.684,3.6,111.6,106.3,5.3,0.216,0.132,0.228,0.401,0.102,3.1,2.8,2.5,-1.5047023640855486,-4.101408166711858
2008-09,Paul Pierce,1718,BOS,31.0,Transition,0,7,0,21,1210,0.017,81,37.5,20.5,5.6,3.6,1.0,0.3,2.8,0.457,0.391,0.83,0.582,10.3,0.164,0.753,6.6,109.8,101.1,8.8,0.251,0.132,0.26,0.208,0.172,5.9,1.7,2.9,0.19109052770461213,-2.068636497490021
2008-09,Tony Parker,2225,SAS,27.0,Transition,0,8,0,9,1210,0.007,72,34.1,22.0,3.1,6.9,0.9,0.1,2.6,0.506,0.292,0.782,0.556,8.6,0.168,0.653,4.5,110.7,104.1,6.6,0.313,0.154,0.309,0.455,0.107,11.5,4.4,3.0,-1.4008855924064414,-0.5847536473078386
2008-09,Brandon Roy,200750,POR,24.0,Transition,0,9,0,7,1210,0.006,78,37.2,22.6,4.7,5.1,1.1,0.3,1.9,0.48,0.377,0.824,0.573,13.5,0.223,0.667,6.5,114.5,105.5,9.0,0.272,0.159,0.288,0.329,0.146,9.2,2.0,3.3,-0.6178620522549783,-0.9204546796953049
2009-10,LeBron James,2544,CLE,25.0,Transition,1,1,116,1205,1230,0.98,76,39.0,29.7,7.3,8.6,1.6,1.0,3.4,0.503,0.333,0.767,0.604,18.5,0.299,0.789,8.6,114.0,103.0,11.0,0.328,0.218,0.346,0.451,0.214,11.9,6.1,5.5,-2.360749698091785,3.554950949512468
2009-10,Amar'e Stoudemire,2405,PHX,27.0,Transition,0,10,0,5,1230,0.004,82,34.6,23.1,8.9,1.0,0.6,1.0,2.6,0.557,0.167,0.771,0.615,10.7,0.181,0.659,3.9,114.8,109.4,5.4,0.27,0.137,0.289,0.059,0.286,13.5,1.7,2.9,2.5412737940944337,0.7246729614984962
2009-10,Manu Ginobili,1938,SAS,32.0,Transition,0,11,0,3,1230,0.002,75,28.7,16.5,3.8,4.9,1.4,0.3,2.1,0.441,0.377,0.87,0.584,9.7,0.216,0.613,5.2,110.8,102.6,8.2,0.247,0.15,0.261,0.349,0.151,5.5,1.7,1.9,-0.15472365409750743,-3.206739209343388
2009-10,Chauncey Billups,1497,DEN,33.0,Transition,0,12,0,1,1230,0.001,73,34.1,19.5,3.1,5.6,1.1,0.1,2.4,0.418,0.386,0.91,0.601,9.5,0.182,0.685,2.9,111.6,107.1,4.5,0.239,0.138,0.258,0.381,0.106,3.8,3.0,2.8,-1.7067789483315388,-3.2275515107712205
2009-10,Chris Bosh,2547,TOR,26.0,Transition,0,12,0,1,1230,0.001,70,36.1,24.0,10.8,2.4,0.6,1.0,2.4,0.518,0.364,0.797,0.592,9.6,0.182,0.5,0.1,110.9,110.6,0.3,0.285,0.167,0.305,0.145,0.352,10.9,1.8,2.9,1.594206258373449,0.4170627834141871
2009-10,Stephen Jackson,1536,CHA,32.0,Transition,0,12,0,1,1230,0.001,81,38.6,20.6,5.0,3.7,1.6,0.5,3.2,0.423,0.328,0.779,0.518,5.0,0.077,0.543,1.6,105.6,103.0,2.6,0.27,0.108,0.26,0.223,0.155,7.5,2.8,3.3,-0.6840899513201367,-3.0424646241201083
2009-10,Joe Johnson,2207,ATL,29.0,Transition,0,12,0,1,1230,0.001,76,38.0,21.3,4.6,4.9,1.1,0.1,1.9,0.458,0.369,0.818,0.538,8.4,0.14,0.658,4.6,112.9,106.6,6.2,0.264,0.126,0.264,0.271,0.144,8.5,2.1,3.2,-0.5875093423709048,-2.269928909538636
2009-10,Kevin Durant,201142,OKC,21.0,Transition,0,2,4,609,1230,0.495,82,39.5,30.1,7.6,2.8,1.4,1.0,3.3,0.476,0.365,0.9,0.607,16.1,0.238,0.61,5.3,109.0,102.7,6.2,0.311,0.183,0.351,0.166,0.213,9.7,5.4,5.8,-1.6671072527624176,2.138410295087822
2009-10,Kobe Bryant,977,LAL,31.0,Transition,0,3,0,599,1230,0.487,73,38.8,27.0,5.4,5.0,1.5,0.3,3.2,0.456,0.329,0.811,0.545,9.4,0.16,0.699,6.4,109.8,101.8,8.1,0.319,0.147,0.322,0.289,0.151,8.9,2.8,4.1,-1.505875762652859,0.005756936226144959
2009-10,Dwight Howard,2730,ORL,24.0,Transition,0,4,3,478,1230,0.389,82,34.7,18.3,13.2,1.8,0.9,2.8,3.3,0.612,0.0,0.592,0.63,13.2,0.223,0.72,7.6,112.2,100.9,11.3,0.241,0.167,0.245,0.122,0.428,11.9,1.0,2.5,5.8044978205198845,1.6939513354376923
2009-10,Dwyane Wade,2548,MIA,28.0,Transition,0,5,0,119,1230,0.097,77,36.3,26.6,4.8,6.5,1.8,1.1,3.3,0.476,0.3,0.761,0.562,13.0,0.224,0.584,4.6,110.1,103.8,6.3,0.337,0.178,0.345,0.438,0.154,11.8,4.5,4.8,-2.1713957199370433,1.2619044665713317
2009-10,Carmelo Anthony,2546,DEN,26.0,Transition,0,6,0,65,1230,0.053,69,38.2,28.2,6.6,3.2,1.3,0.4,3.0,0.458,0.316,0.83,0.548,7.9,0.145,0.652,4.1,111.7,106.2,5.5,0.327,0.14,0.33,0.198,0.197,10.9,3.2,4.7,-1.228933274775032,0.6647793516513427
2009-10,Dirk Nowitzki,1717,DAL,32.0,Transition,0,7,0,55,1230,0.045,81,37.5,25.0,7.7,2.7,0.9,1.0,1.8,0.481,0.421,0.915,0.578,12.3,0.194,0.667,4.2,108.7,103.3,5.4,0.284,0.161,0.313,0.148,0.236,5.8,2.2,3.4,0.3937589795413168,-0.6947339134729441
2009-10,Steve Nash,959,PHX,36.0,Transition,0,8,0,49,1230,0.04,81,32.8,16.5,3.3,11.0,0.5,0.1,3.6,0.507,0.426,0.938,0.615,9.9,0.178,0.654,4.7,116.1,109.4,6.7,0.223,0.155,0.212,0.657,0.112,4.7,2.0,1.4,-1.8086792970634062,-3.1150301205317064
2009-10,Deron Williams,101114,UTA,26.0,Transition,0,9,0,7,1230,0.006,76,36.9,18.7,4.0,10.5,1.3,0.2,3.3,0.469,0.371,0.801,0.574,10.3,0.177,0.658,5.7,112.5,104.3,8.2,0.237,0.146,0.227,0.492,0.125,6.6,3.4,2.9,-1.785291095602072,-2.4512420256540053
2010-11,Derrick Rose,201565,CHI,22.0,Transition,1,1,113,1182,1210,0.977,81,37.4,25.0,4.1,7.7,1.0,0.6,3.4,0.445,0.332,0.858,0.55,13.1,0.208,0.765,6.2,109.1,100.7,8.5,0.314,0.165,0.32,0.444,0.119,10.0,4.3,4.0,-2.174902068017653,0.0035679461464044808
2010-11,Blake Griffin,201933,LAC,22.0,Transition,0,10,0,5,1210,0.004,82,37.9,22.5,12.1,3.8,0.8,0.5,2.7,0.506,0.292,0.642,0.549,9.8,0.152,0.39,-1.8,105.9,108.0,-2.2,0.27,0.16,0.287,0.21,0.366,13.8,3.4,3.9,1.4464031845225498,0.022165939647215173
2010-11,Rajon Rondo,200765,BOS,25.0,Transition,0,10,0,5,1210,0.004,68,37.2,10.6,4.4,11.2,2.3,0.2,3.4,0.475,0.233,0.568,0.495,6.6,0.126,0.691,6.5,108.6,99.8,8.9,0.179,0.131,0.137,0.562,0.145,6.2,2.1,1.9,0.1344409811900385,-4.868353051886724
2010-11,Tony Parker,2225,SAS,29.0,Transition,0,12,0,3,1210,0.002,78,32.4,17.5,3.1,6.6,1.2,0.0,2.6,0.519,0.357,0.769,0.569,8.2,0.156,0.769,3.9,109.0,102.5,6.4,0.251,0.139,0.252,0.429,0.106,10.6,4.8,3.1,-0.8780220918058553,-2.0117707801572084
2010-11,Chris Paul,101108,NOH,26.0,Transition,0,13,0,2,1210,0.002,80,36.0,15.9,4.1,9.8,2.4,0.1,2.2,0.463,0.388,0.878,0.578,13.9,0.232,0.563,3.2,107.8,103.4,4.4,0.206,0.169,0.216,0.592,0.138,4.7,2.2,3.0,-1.9324514439665368,-3.9261423977942465
2010-11,Dwight Howard,2730,ORL,25.0,Transition,0,2,3,643,1210,0.531,78,37.6,22.9,14.1,1.4,1.4,2.4,3.6,0.593,0.0,0.596,0.616,14.4,0.235,0.654,6.4,109.0,100.6,8.4,0.272,0.184,0.291,0.086,0.416,14.5,1.4,3.1,4.76386183179987,2.865178899351939
2010-11,LeBron James,2544,MIA,26.0,Transition,0,3,4,522,1210,0.431,79,38.8,26.7,7.5,7.0,1.6,0.6,3.6,0.51,0.33,0.759,0.594,15.6,0.244,0.722,7.8,111.5,101.4,10.1,0.307,0.201,0.32,0.435,0.217,11.4,5.8,5.0,-1.7833283182178912,2.3515666835914537
2010-11,Kobe Bryant,977,LAL,32.0,Transition,0,4,1,428,1210,0.354,82,33.9,25.3,5.1,4.7,1.2,0.1,3.0,0.451,0.323,0.828,0.548,10.3,0.178,0.695,5.2,111.5,104.2,7.3,0.343,0.156,0.347,0.311,0.167,8.7,2.6,3.7,-1.4419722691591486,0.04042083856020373
2010-11,Kevin Durant,201142,OKC,22.0,Transition,0,5,0,190,1210,0.157,78,38.9,27.7,6.8,2.7,1.1,1.0,2.8,0.462,0.35,0.88,0.589,12.0,0.189,0.667,3.4,110.8,106.8,4.1,0.296,0.159,0.324,0.166,0.197,7.4,4.2,4.2,-0.9684169903486878,0.35773384528864083
2010-11,Dirk Nowitzki,1717,DAL,33.0,Transition,0,6,0,113,1210,0.093,73,34.3,23.0,7.0,2.6,0.5,0.6,1.9,0.517,0.393,0.892,0.612,11.1,0.213,0.753,7.3,110.7,100.4,10.3,0.274,0.169,0.309,0.148,0.235,5.2,1.9,3.0,1.146665582851698,-0.27323807726616667
2010-11,Dwyane Wade,2548,MIA,29.0,Transition,0,7,0,24,1210,0.02,76,37.1,25.5,6.4,4.6,1.5,1.1,3.1,0.5,0.306,0.758,0.581,12.8,0.218,0.711,7.6,112.8,102.4,10.4,0.308,0.164,0.315,0.287,0.193,12.6,5.5,4.4,-0.7962892835022282,1.5846243956459949
2010-11,Manu Ginobili,1938,SAS,33.0,Transition,0,8,0,20,1210,0.017,80,30.3,17.4,3.7,4.9,1.5,0.4,2.2,0.433,0.349,0.871,0.581,9.9,0.195,0.763,6.8,111.8,100.7,11.0,0.248,0.138,0.255,0.323,0.138,5.3,2.8,2.6,-0.40459712896215216,-2.864683709226393
2010-11,Amar'e Stoudemire,2405,NYK,28.0,Transition,0,9,0,9,1210,0.007,78,36.8,25.3,8.2,2.6,0.9,1.9,3.2,0.502,0.435,0.792,0.565,8.0,0.134,0.5,0.8,111.2,109.9,1.3,0.307,0.137,0.307,0.155,0.268,12.9,1.6,3.7,0.633430022813204,0.38914903335664386
2011-12,LeBron James,2544,MIA,27.0,Transition,1,1,85,1074,1210,0.888,62,37.5,27.1,7.9,6.2,1.9,0.8,3.4,0.531,0.362,0.771,0.605,14.5,0.298,0.726,7.6,108.6,98.4,10.2,0.311,0.22,0.342,0.386,0.248,12.2,5.9,6.0,-1.5773650011098808,3.3146565103819743
2011-12,Dwyane Wade,2548,MIA,30.0,Transition,0,10,0,6,1210,0.005,49,33.2,22.1,4.8,4.6,1.7,1.3,2.6,0.497,0.268,0.791,0.559,7.7,0.227,0.653,7.0,108.2,97.8,10.4,0.305,0.166,0.314,0.313,0.167,11.7,4.2,4.7,-0.3618729181166082,0.6120037994021735
2011-12,Dirk Nowitzki,1717,DAL,34.0,Transition,0,12,0,4,1210,0.003,62,33.5,21.6,6.7,2.2,0.7,0.5,1.9,0.457,0.368,0.896,0.564,7.6,0.175,0.532,4.2,104.0,98.1,5.9,0.284,0.152,0.318,0.146,0.229,3.8,1.7,3.8,0.6381288743543658,-1.7069519498311625
2011-12,Russell Westbrook,201566,OKC,23.0,Transition,0,12,0,4,1210,0.003,66,35.3,23.6,4.6,5.5,1.7,0.3,3.6,0.457,0.316,0.823,0.538,7.9,0.163,0.712,5.6,109.2,101.5,7.6,0.318,0.145,0.307,0.411,0.138,10.1,5.1,4.0,-2.1401267301635314,-0.27106170425860976
2011-12,Tim Duncan,1495,SAS,36.0,Transition,0,14,0,3,1210,0.002,58,28.2,15.4,9.0,2.3,0.7,1.5,1.7,0.492,0.0,0.695,0.531,5.9,0.174,0.776,5.3,107.1,97.9,9.2,0.26,0.163,0.262,0.167,0.347,7.1,0.6,1.7,4.663938451236131,-1.5356387059225056
2011-12,Joe Johnson,2207,ATL,31.0,Transition,0,15,0,1,1210,0.001,60,35.4,18.8,3.7,3.9,0.8,0.2,1.9,0.454,0.388,0.849,0.557,6.4,0.145,0.6,4.0,106.4,100.8,5.5,0.247,0.122,0.263,0.232,0.124,5.7,1.9,2.8,0.04467115695995437,-3.3602523235603194
2011-12,Kevin Durant,201142,OKC,23.0,Transition,0,2,24,889,1210,0.735,66,38.6,28.0,8.0,3.5,1.3,1.2,3.8,0.496,0.387,0.86,0.61,12.2,0.23,0.712,5.6,109.1,101.9,7.2,0.303,0.186,0.336,0.241,0.222,9.3,4.4,4.0,-0.8272370863102905,1.8563764098959359
2011-12,Chris Paul,101108,LAC,27.0,Transition,0,3,6,385,1210,0.318,60,36.3,19.8,3.6,9.1,2.5,0.1,2.1,0.478,0.371,0.861,0.581,12.7,0.278,0.617,5.5,111.4,104.1,7.4,0.237,0.186,0.259,0.552,0.114,7.0,1.6,3.2,-2.0783368786440923,-2.0805534910902734
2011-12,Kobe Bryant,977,LAL,33.0,Transition,0,4,2,352,1210,0.291,58,38.5,27.9,5.4,4.6,1.2,0.3,3.5,0.43,0.303,0.845,0.527,6.2,0.132,0.621,2.4,104.8,102.1,2.7,0.346,0.143,0.356,0.256,0.147,8.3,2.5,3.9,-1.725747366288564,-0.28531115479746827
2011-12,Tony Parker,2225,SAS,30.0,Transition,0,5,4,331,1210,0.274,60,32.1,18.3,2.9,7.7,1.0,0.1,2.6,0.48,0.23,0.799,0.539,7.1,0.177,0.783,7.0,109.1,98.4,10.7,0.275,0.153,0.267,0.498,0.1,8.9,4.1,2.8,-0.789640833004391,-1.7769675798067481
2011-12,Kevin Love,201567,MIN,23.0,Transition,0,6,0,58,1210,0.048,55,39.0,26.0,13.3,2.0,0.9,0.5,2.3,0.448,0.372,0.824,0.568,10.0,0.223,0.436,0.5,105.4,104.8,0.6,0.282,0.176,0.32,0.128,0.368,10.1,2.2,3.6,1.117260064077097,0.31694522749133003
2011-12,Dwight Howard,2730,ORL,26.0,Transition,0,7,0,13,1210,0.011,54,38.3,20.6,14.5,1.9,1.5,2.1,3.2,0.573,0.0,0.491,0.569,7.7,0.179,0.611,3.3,104.6,100.5,4.1,0.259,0.172,0.273,0.121,0.421,15.0,0.9,3.0,5.1099980594795875,1.6253807727645524
2011-12,Rajon Rondo,200765,BOS,26.0,Transition,0,8,0,12,1210,0.01,53,36.9,11.9,4.8,11.7,1.8,0.1,3.6,0.448,0.238,0.597,0.483,4.9,0.121,0.585,3.7,102.7,97.9,4.8,0.201,0.138,0.162,0.602,0.16,6.9,3.4,2.8,-0.5402890216909565,-4.5541437600959975
2011-12,Steve Nash,959,PHX,38.0,Transition,0,9,0,7,1210,0.006,62,31.6,12.5,3.0,10.7,0.6,0.1,3.7,0.532,0.39,0.894,0.625,5.9,0.144,0.516,2.9,108.1,103.8,4.3,0.19,0.148,0.183,0.63,0.108,4.1,1.0,1.1,-0.6579567217107789,-4.456902596078635
2012-13,LeBron James,2544,MIA,28.0,Transition,1,1,120,1207,1210,0.998,76,37.9,26.8,8.0,7.3,1.7,0.9,3.0,0.565,0.406,0.753,0.64,19.3,0.322,0.803,9.5,114.2,101.9,12.3,0.294,0.221,0.321,0.389,0.265,12.8,5.4,6.1,-1.255212864298432,3.745687712941498
2012-13,Dwyane Wade,2548,MIA,31.0,Transition,0,10,0,5,1210,0.004,69,34.6,21.2,5.0,5.1,1.9,0.8,2.8,0.521,0.258,0.725,0.571,9.6,0.192,0.797,8.3,113.1,100.9,12.3,0.288,0.153,0.28,0.294,0.182,11.8,3.5,4.1,-0.02597870496173785,0.39847602533619686
2012-13,Stephen Curry,201939,GSW,25.0,Transition,0,11,0,3,1210,0.002,78,38.2,22.9,4.0,6.9,1.6,0.2,3.1,0.451,0.453,0.9,0.589,11.2,0.18,0.577,1.7,107.0,104.7,2.3,0.257,0.138,0.278,0.369,0.114,3.9,4.7,3.3,-2.7015986298265697,-2.5755547884474583
2012-13,Kevin Garnett,708,BOS,37.0,Transition,0,12,0,1,1210,0.001,68,29.7,14.8,7.8,2.3,1.1,0.9,1.6,0.496,0.125,0.786,0.535,5.6,0.133,0.529,1.6,99.2,96.4,2.8,0.246,0.16,0.26,0.161,0.328,5.7,0.5,1.8,3.6028137746153353,-3.1833892063747946
2012-13,Marc Gasol,201188,MEM,28.0,Transition,0,12,0,1,1210,0.001,80,35.0,14.1,7.8,4.0,1.0,1.7,2.0,0.494,0.071,0.848,0.559,11.5,0.197,0.688,5.4,104.5,96.3,8.2,0.192,0.146,0.207,0.26,0.253,6.8,0.5,2.2,3.4564556336062693,-3.241805754140638
2012-13,Ty Lawson,201951,DEN,25.0,Transition,0,12,0,1,1210,0.001,73,34.4,16.7,2.7,6.9,1.5,0.1,2.5,0.461,0.366,0.756,0.549,7.4,0.141,0.671,3.9,110.2,104.9,5.3,0.219,0.118,0.217,0.402,0.086,7.3,3.7,3.0,-1.149099709956735,-3.726007395773771
2012-13,David Lee,101135,GSW,30.0,Transition,0,12,0,1,1210,0.001,79,36.8,18.5,11.2,3.5,0.8,0.3,2.6,0.519,0.0,0.797,0.561,9.1,0.15,0.582,2.2,107.0,104.3,2.7,0.23,0.141,0.235,0.191,0.329,11.1,1.3,2.1,3.050326960672997,-1.6263808808374285
2012-13,Joakim Noah,201149,CHI,28.0,Transition,0,12,0,1,1210,0.001,66,36.8,11.9,11.1,4.0,1.2,2.1,2.7,0.481,0.0,0.751,0.534,7.3,0.145,0.545,0.9,100.9,99.3,1.6,0.17,0.139,0.168,0.217,0.331,7.4,1.0,1.7,4.391447949452864,-3.8779096439915532
2012-13,Kevin Durant,201142,OKC,24.0,Transition,0,2,0,765,1210,0.632,81,38.5,28.1,7.9,4.6,1.4,1.3,3.5,0.51,0.416,0.905,0.647,18.9,0.291,0.741,8.9,113.1,100.9,12.2,0.295,0.202,0.329,0.269,0.226,9.4,4.2,4.8,-1.0682168287491682,2.603930546110235
2012-13,Carmelo Anthony,2546,NYK,29.0,Transition,0,3,1,475,1210,0.393,67,37.0,28.7,6.9,2.6,0.8,0.5,2.6,0.449,0.379,0.83,0.56,9.5,0.184,0.701,4.6,112.0,105.8,6.2,0.349,0.151,0.365,0.177,0.216,7.6,2.1,4.7,-0.8983317487593451,0.9566678172870072
2012-13,Chris Paul,101108,LAC,28.0,Transition,0,4,0,289,1210,0.239,70,33.4,16.9,3.7,9.7,2.4,0.1,2.3,0.481,0.328,0.885,0.594,13.9,0.287,0.714,6.2,114.3,104.5,9.7,0.223,0.178,0.231,0.546,0.131,5.1,1.5,3.2,-1.7262916575747882,-2.551296679879488
2012-13,Kobe Bryant,977,LAL,34.0,Transition,0,5,0,184,1210,0.152,78,38.6,27.3,5.6,6.0,1.4,0.3,3.7,0.463,0.324,0.839,0.57,10.9,0.174,0.538,1.8,108.5,106.6,1.9,0.313,0.156,0.327,0.343,0.156,9.7,3.3,4.3,-2.27851449991001,0.006974297364089633
2012-13,Tony Parker,2225,SAS,31.0,Transition,0,6,0,86,1210,0.071,66,32.9,20.3,3.0,7.6,0.8,0.1,2.6,0.522,0.353,0.845,0.588,9.3,0.206,0.712,6.8,108.8,98.6,10.2,0.276,0.161,0.286,0.454,0.106,10.1,3.7,3.1,-0.9510698069277007,-0.9376885960319038
2012-13,Tim Duncan,1495,SAS,37.0,Transition,0,7,0,65,1210,0.054,69,30.1,17.8,9.9,2.7,0.7,2.7,2.1,0.502,0.286,0.817,0.554,8.3,0.191,0.725,6.7,108.1,97.8,10.3,0.276,0.178,0.275,0.168,0.37,8.6,1.1,2.6,3.7779253297706696,-0.1829348109072225
2012-13,James Harden,201935,HOU,23.0,Transition,0,8,0,33,1210,0.027,78,38.3,25.9,4.9,5.8,1.8,0.5,3.8,0.438,0.368,0.851,0.6,12.8,0.206,0.551,2.5,108.8,105.9,2.9,0.285,0.149,0.306,0.327,0.142,8.6,6.3,4.8,-3.106602999857156,-0.28207080773215465
2012-13,Russell Westbrook,201566,OKC,24.0,Transition,0,9,0,9,1210,0.007,82,34.9,23.2,5.2,7.4,1.8,0.3,3.3,0.438,0.323,0.8,0.532,11.6,0.195,0.732,7.7,112.5,101.2,11.2,0.322,0.155,0.298,0.471,0.163,9.6,5.6,4.3,-2.42842138882803,-0.08615193181342301
2013-14,Kevin Durant,201142,OKC,25.0,Transition,1,1,119,1232,1250,0.986,81,38.5,32.0,7.4,5.5,1.3,0.7,3.5,0.503,0.391,0.873,0.635,19.2,0.295,0.716,6.3,111.4,103.3,8.1,0.322,0.206,0.367,0.31,0.205,10.6,5.5,5.1,-2.2249704561780153,3.147400015186218
2013-14,LaMarcus Aldridge,200746,POR,28.0,Transition,0,10,0,26,1250,0.021,69,36.2,23.2,11.1,2.6,0.9,1.0,1.8,0.458,0.2,0.822,0.507,7.5,0.144,0.667,5.3,112.1,104.6,7.5,0.296,0.155,0.286,0.144,0.316,7.8,1.4,2.9,2.0151600940265135,-0.5428373060895356
2013-14,Kevin Love,201567,MIN,25.0,Transition,0,11,0,25,1250,0.02,77,36.3,26.1,12.5,4.4,0.8,0.5,2.5,0.457,0.376,0.821,0.591,14.3,0.245,0.506,4.6,110.5,104.6,5.9,0.281,0.191,0.31,0.232,0.375,8.6,1.9,4.6,0.5760552999086028,0.9905439624070462
2013-14,Tim Duncan,1495,SAS,38.0,Transition,0,12,0,21,1250,0.017,74,29.2,15.1,9.7,3.0,0.6,1.9,2.1,0.49,0.0,0.731,0.535,7.4,0.164,0.757,4.1,108.2,101.5,6.7,0.251,0.154,0.24,0.19,0.371,8.5,0.5,1.8,4.603981728764811,-1.671183158864412
2013-14,Tony Parker,2225,SAS,32.0,Transition,0,12,0,21,1250,0.017,68,29.4,16.7,2.3,5.7,0.5,0.1,2.2,0.499,0.373,0.811,0.555,5.9,0.141,0.75,4.0,108.2,101.3,6.8,0.263,0.129,0.262,0.366,0.087,8.3,2.5,2.4,-0.003964456327631533,-2.9219311227921763
2013-14,Dirk Nowitzki,1717,DAL,36.0,Transition,0,14,0,7,1250,0.006,80,32.9,21.7,6.2,2.7,0.9,0.6,1.5,0.497,0.398,0.899,0.603,10.9,0.199,0.6,4.0,109.4,103.9,5.5,0.26,0.161,0.3,0.166,0.225,3.6,1.4,3.0,0.7227817998324754,-1.7181256261540898
2013-14,Carmelo Anthony,2546,NYK,30.0,Transition,0,15,0,4,1250,0.003,77,38.7,27.4,8.1,3.1,1.2,0.7,2.6,0.452,0.402,0.848,0.561,10.7,0.172,0.455,1.4,108.3,107.1,1.3,0.318,0.162,0.343,0.194,0.247,6.2,1.7,4.2,-0.8033643886547355,-0.2146495264044921
2013-14,Goran Dragic,201609,PHX,28.0,Transition,0,16,0,3,1250,0.002,76,35.1,20.3,3.2,5.9,1.4,0.3,2.8,0.505,0.408,0.76,0.604,10.3,0.186,0.592,4.0,111.1,105.5,5.6,0.241,0.134,0.258,0.414,0.102,8.4,5.0,3.4,-1.5708494779517626,-1.8567589838538354
2013-14,Mike Conley,201144,MEM,26.0,Transition,0,17,0,1,1250,0.001,73,33.5,17.2,2.9,6.0,1.5,0.2,2.1,0.45,0.361,0.815,0.545,8.2,0.161,0.63,2.1,107.1,104.1,3.0,0.24,0.13,0.252,0.394,0.1,7.0,2.5,2.9,-0.9582951313542466,-3.743724884901007
2013-14,LeBron James,2544,MIA,29.0,Transition,0,2,6,891,1250,0.713,77,37.7,27.1,6.9,6.3,1.6,0.3,3.5,0.567,0.379,0.75,0.649,15.9,0.264,0.675,5.3,112.0,105.1,6.9,0.303,0.2,0.331,0.348,0.246,13.6,6.1,6.1,-1.921978932927411,3.2687271368690034
2013-14,Blake Griffin,201933,LAC,25.0,Transition,0,3,0,434,1250,0.347,80,35.8,24.1,9.5,3.9,1.2,0.6,2.8,0.528,0.273,0.715,0.583,12.2,0.205,0.7,7.1,112.9,103.1,9.8,0.286,0.162,0.296,0.201,0.297,13.4,5.0,4.3,0.7362115683319336,1.6377632155184925
2013-14,Joakim Noah,201149,CHI,29.0,Transition,0,4,0,322,1250,0.258,80,35.2,12.6,11.3,5.4,1.2,1.5,2.4,0.475,0.0,0.737,0.531,11.2,0.19,0.6,2.9,103.5,99.1,4.4,0.185,0.156,0.182,0.311,0.35,7.8,0.9,2.2,3.8725090613909803,-3.2663222496370214
2013-14,James Harden,201935,HOU,24.0,Transition,0,5,0,85,1250,0.068,73,38.0,25.4,4.7,6.1,1.6,0.4,3.6,0.456,0.366,0.866,0.618,12.8,0.221,0.658,5.6,112.1,104.9,7.2,0.27,0.156,0.292,0.366,0.131,7.7,6.9,4.3,-2.9011636613663585,-0.033532302687009526
2013-14,Stephen Curry,201939,GSW,26.0,Transition,0,6,0,66,1250,0.053,78,36.5,24.0,4.3,8.5,1.6,0.2,3.8,0.471,0.424,0.885,0.61,13.4,0.225,0.641,7.4,110.6,101.0,9.6,0.275,0.164,0.291,0.456,0.125,4.9,4.9,3.9,-2.9520365812902534,-0.684934081377879
2013-14,Chris Paul,101108,LAC,29.0,Transition,0,7,0,45,1250,0.036,62,35.0,19.1,4.3,10.7,2.5,0.1,2.3,0.467,0.368,0.855,0.58,12.2,0.27,0.71,8.5,113.2,101.9,11.3,0.23,0.179,0.235,0.553,0.136,5.6,2.0,3.8,-2.092405559123701,-2.027480167051589
2013-14,Al Jefferson,2744,CHA,29.0,Transition,0,8,0,34,1250,0.027,73,35.0,21.8,10.8,2.1,0.9,1.1,1.7,0.509,0.2,0.69,0.532,7.8,0.146,0.521,0.4,103.6,103.1,0.5,0.293,0.17,0.31,0.13,0.355,13.5,0.4,3.1,3.159833287161895,-0.12236375319511596
2013-14,Paul George,202331,IND,24.0,Transition,0,9,0,33,1250,0.026,80,36.2,21.7,6.8,3.5,1.9,0.3,2.8,0.424,0.364,0.864,0.555,10.8,0.178,0.675,4.6,104.5,98.0,6.5,0.278,0.157,0.295,0.229,0.201,5.7,2.8,4.1,-0.7430901518515538,-1.592272046526196
2014-15,Stephen Curry,201939,GSW,27.0,Transition,1,1,100,1198,1300,0.922,80,32.7,23.8,4.3,7.7,2.0,0.2,3.1,0.487,0.443,0.914,0.638,15.7,0.288,0.838,11.5,114.7,98.5,16.3,0.277,0.178,0.299,0.392,0.137,6.3,6.1,4.4,-2.7057286488127845,0.5601635417705276
2014-15,Tim Duncan,1495,SAS,39.0,Transition,0,10,0,1,1300,0.001,77,28.9,13.9,9.1,3.0,0.8,2.0,1.7,0.512,0.286,0.74,0.56,9.6,0.207,0.688,4.0,106.9,100.2,6.8,0.221,0.156,0.227,0.201,0.356,8.4,0.6,1.8,4.223224236766083,-2.284146637758884
2014-15,Kawhi Leonard,202695,SAS,24.0,Transition,0,10,0,1,1300,0.001,64,31.8,16.5,7.2,2.5,2.3,0.8,1.5,0.479,0.349,0.802,0.567,8.6,0.204,0.719,6.9,109.7,98.3,11.4,0.227,0.148,0.239,0.156,0.25,6.1,3.0,3.1,1.3877348901725384,-2.2258786932835966
2014-15,Klay Thompson,202691,GSW,25.0,Transition,0,10,0,1,1300,0.001,77,31.9,21.7,3.2,2.9,1.1,0.8,1.9,0.463,0.439,0.879,0.591,8.8,0.172,0.831,10.1,114.1,98.9,15.2,0.272,0.126,0.285,0.152,0.107,5.9,4.1,3.2,-0.27273388064834253,-1.400727084806597
2014-15,James Harden,201935,HOU,25.0,Transition,0,2,25,936,1300,0.72,81,36.8,27.4,5.7,7.0,1.9,0.7,4.0,0.44,0.375,0.868,0.605,16.4,0.265,0.691,4.1,109.2,103.5,5.7,0.308,0.184,0.335,0.416,0.171,8.3,5.7,5.0,-3.229682247714038,1.0092322361396864
2014-15,LeBron James,2544,CLE,30.0,Transition,0,3,5,552,1300,0.425,69,36.1,25.3,6.0,7.4,1.6,0.7,3.9,0.488,0.354,0.71,0.577,10.4,0.199,0.725,7.8,113.8,102.8,10.9,0.318,0.171,0.313,0.435,0.189,10.9,4.9,4.9,-1.950663964441111,1.651363920687739
2014-15,Russell Westbrook,201566,OKC,26.0,Transition,0,4,0,352,1300,0.271,67,34.4,28.1,7.3,8.6,2.1,0.2,4.4,0.426,0.299,0.835,0.536,10.6,0.222,0.597,3.7,111.0,106.3,4.7,0.368,0.187,0.356,0.561,0.211,11.3,8.2,4.4,-4.223643919001028,1.8281127182120915
2014-15,Anthony Davis,203076,NOP,22.0,Transition,0,5,0,203,1300,0.156,68,36.1,24.4,10.2,2.2,1.5,2.9,1.4,0.535,0.083,0.805,0.591,14.0,0.274,0.574,3.9,109.9,103.8,6.1,0.272,0.192,0.316,0.125,0.312,12.0,2.6,3.6,2.898971800175379,1.4548472951845888
2014-15,Chris Paul,101108,LAC,30.0,Transition,0,6,0,124,1300,0.095,82,34.8,19.1,4.6,10.2,1.9,0.2,2.3,0.485,0.398,0.9,0.596,16.1,0.27,0.683,8.9,116.7,104.0,12.7,0.232,0.173,0.234,0.533,0.145,4.3,2.0,2.2,-1.5531514074296893,-2.3225173176662017
2014-15,LaMarcus Aldridge,200746,POR,29.0,Transition,0,7,0,6,1300,0.005,71,35.4,23.4,10.2,1.7,0.7,1.0,1.7,0.466,0.352,0.845,0.528,8.6,0.165,0.676,4.8,109.9,103.4,6.6,0.297,0.156,0.303,0.108,0.305,8.3,0.9,2.8,1.9761457183867834,-0.5632889411082715
2014-15,Marc Gasol,201188,MEM,30.0,Transition,0,8,0,3,1300,0.002,81,33.2,17.4,7.8,3.8,0.9,1.6,2.2,0.494,0.176,0.795,0.558,10.2,0.182,0.679,2.8,106.6,102.7,3.9,0.245,0.151,0.254,0.25,0.274,8.5,0.9,2.6,2.518670159942836,-1.9431312017445699
2014-15,Blake Griffin,201933,LAC,26.0,Transition,0,8,0,3,1300,0.002,67,35.2,21.9,7.6,5.3,0.9,0.5,2.3,0.502,0.4,0.728,0.551,9.0,0.183,0.701,8.7,116.9,104.7,12.2,0.278,0.146,0.267,0.273,0.241,10.6,3.1,3.3,0.4846141663759246,-0.04214745534639913
2015-16,Stephen Curry,201939,GSW,28.0,Transition,1,1,131,1310,1310,1.0,79,34.2,30.1,5.4,6.7,2.1,0.2,3.3,0.504,0.454,0.908,0.669,17.9,0.318,0.899,12.9,117.5,99.8,17.7,0.314,0.197,0.35,0.31,0.161,8.1,6.4,4.8,-3.014476026402093,2.9796854594137527
2015-16,Kyle Lowry,200768,TOR,30.0,Transition,0,10,0,6,1310,0.005,77,37.0,21.2,4.7,6.4,2.1,0.4,2.9,0.427,0.388,0.811,0.578,11.6,0.196,0.701,4.9,110.8,104.4,6.4,0.256,0.145,0.265,0.425,0.143,5.8,3.7,3.7,-2.0652331562601196,-2.0127707176881935
2015-16,Kawhi Leonard,202695,SAS,25.0,Transition,0,2,0,634,1310,0.484,72,33.0,21.2,6.8,2.6,1.8,1.0,1.5,0.506,0.443,0.874,0.616,13.7,0.277,0.833,9.1,110.0,95.9,14.1,0.252,0.17,0.295,0.151,0.222,7.1,2.6,3.4,1.0249757140232292,-0.38480412849977474
2015-16,LeBron James,2544,CLE,31.0,Transition,0,3,0,631,1310,0.482,76,35.6,25.3,7.4,6.8,1.4,0.6,3.3,0.52,0.309,0.731,0.588,13.6,0.242,0.737,8.1,114.0,102.6,11.4,0.305,0.189,0.315,0.386,0.223,14.0,5.4,5.4,-1.1749154908921267,2.538975538609425
2015-16,Russell Westbrook,201566,OKC,27.0,Transition,0,4,0,486,1310,0.371,80,34.4,23.5,7.8,10.4,2.0,0.3,4.3,0.454,0.296,0.812,0.554,14.0,0.245,0.688,7.9,114.8,103.5,11.3,0.311,0.188,0.289,0.596,0.223,10.3,6.2,3.5,-2.7605865127125986,0.8855254765517179
2015-16,Kevin Durant,201142,OKC,27.0,Transition,0,5,0,147,1310,0.112,72,35.8,28.2,8.2,5.0,1.0,1.2,3.5,0.505,0.387,0.898,0.634,14.5,0.27,0.722,9.0,114.5,102.9,11.6,0.298,0.194,0.331,0.274,0.223,8.8,4.6,3.0,-0.6484342958542246,2.113597311764402
2015-16,Chris Paul,101108,LAC,31.0,Transition,0,6,0,107,1310,0.082,74,32.7,19.5,4.2,10.0,2.1,0.2,2.6,0.462,0.371,0.896,0.575,12.7,0.253,0.676,7.5,112.3,101.3,11.0,0.265,0.184,0.261,0.595,0.143,4.9,2.2,3.6,-2.243133845985455,-1.7975458264193114
2015-16,Draymond Green,203110,GSW,26.0,Transition,0,7,0,50,1310,0.038,81,34.7,14.0,9.5,7.4,1.5,1.4,3.2,0.49,0.388,0.696,0.587,11.1,0.19,0.901,13.2,117.0,99.1,18.0,0.184,0.136,0.162,0.334,0.279,7.2,2.5,1.7,2.1595777185245217,-1.9595483614125815
2015-16,Damian Lillard,203081,POR,25.0,Transition,0,8,0,26,1310,0.02,75,35.7,25.1,4.0,6.8,0.9,0.4,3.2,0.419,0.375,0.892,0.56,9.2,0.165,0.533,1.3,109.4,107.8,1.6,0.304,0.143,0.312,0.425,0.121,7.1,2.0,2.8,-2.1995520845866965,-1.8590187581312059
2015-16,James Harden,201935,HOU,26.0,Transition,0,9,0,9,1310,0.007,82,38.1,29.0,6.1,7.5,1.7,0.6,4.6,0.439,0.359,0.86,0.598,13.3,0.204,0.5,1.5,108.6,106.9,1.6,0.319,0.174,0.34,0.427,0.181,8.4,5.6,4.8,-3.67088639185907,0.8464448191578414
2016-17,Russell Westbrook,201566,OKC,28.0,Small-Ball,1,1,69,888,1010,0.879,81,34.6,31.6,10.7,10.4,1.6,0.4,5.4,0.425,0.343,0.845,0.554,13.1,0.224,0.568,3.1,110.6,106.1,4.5,0.402,0.23,0.395,0.659,0.308,10.1,6.7,4.7,-4.280052405276708,3.594533138529316
2016-17,DeMar DeRozan,201942,TOR,27.0,Small-Ball,0,11,0,1,1010,0.001,74,35.4,27.3,5.2,3.9,1.1,0.2,2.4,0.467,0.266,0.842,0.552,9.0,0.16,0.635,2.0,111.3,108.7,2.5,0.337,0.155,0.344,0.294,0.165,10.3,2.5,3.5,-1.2024249024536169,0.016258685095327526
2016-17,James Harden,201935,HOU,27.0,Small-Ball,0,2,22,753,1010,0.746,81,36.4,29.1,8.1,11.2,1.5,0.5,5.7,0.44,0.347,0.847,0.613,15.0,0.245,0.667,5.2,115.6,108.9,6.7,0.333,0.19,0.327,0.583,0.244,8.6,4.0,4.4,-3.758449201766379,2.1253967216376837
2016-17,Kawhi Leonard,202695,SAS,26.0,Small-Ball,0,3,9,500,1010,0.495,74,33.4,25.5,5.8,3.5,1.8,0.7,2.1,0.485,0.38,0.88,0.61,13.6,0.264,0.73,5.9,113.8,105.1,8.7,0.306,0.174,0.339,0.21,0.195,7.2,3.5,4.3,-1.0875228942014772,0.6719829026703583
2016-17,LeBron James,2544,CLE,32.0,Small-Ball,0,4,1,333,1010,0.33,74,37.8,26.4,8.6,8.7,1.2,0.6,4.1,0.548,0.363,0.674,0.619,12.9,0.221,0.689,6.5,116.7,108.5,8.3,0.292,0.183,0.296,0.457,0.25,13.9,5.5,4.1,-1.362146897170051,2.624236762888496
2016-17,Isaiah Thomas,202738,BOS,28.0,Small-Ball,0,5,0,81,1010,0.08,76,33.8,28.9,2.7,5.9,0.9,0.2,2.8,0.463,0.379,0.909,0.625,12.5,0.234,0.671,3.6,115.1,110.5,4.6,0.332,0.161,0.362,0.326,0.093,9.6,4.5,3.8,-3.013948197166401,0.7376091829612395
2016-17,Stephen Curry,201939,GSW,29.0,Small-Ball,0,6,0,52,1010,0.051,79,33.4,25.3,4.5,6.6,1.8,0.2,3.0,0.468,0.411,0.898,0.624,12.6,0.229,0.823,12.8,120.1,102.7,17.4,0.286,0.151,0.293,0.294,0.143,6.4,6.0,4.4,-2.551501054007414,0.6306346765803681
2016-17,Giannis Antetokounmpo,203507,MIL,22.0,Small-Ball,0,7,0,7,1010,0.007,80,35.6,22.9,8.8,5.4,1.6,1.9,2.9,0.521,0.272,0.77,0.599,12.4,0.21,0.525,0.6,108.6,107.5,1.1,0.28,0.176,0.299,0.309,0.294,13.1,5.4,4.7,-0.0335078648183848,1.06674587849473
2016-17,John Wall,202322,WAS,26.0,Small-Ball,0,7,0,7,1010,0.007,78,36.4,23.1,4.2,10.7,2.0,0.6,4.1,0.451,0.327,0.801,0.541,8.8,0.149,0.615,3.2,113.0,108.8,4.2,0.299,0.153,0.271,0.573,0.129,9.9,5.9,4.1,-3.67330728842471,-0.7216938118659897
2016-17,Anthony Davis,203076,NOP,24.0,Small-Ball,0,9,0,2,1010,0.002,75,36.1,28.0,11.8,2.1,1.3,2.2,2.4,0.505,0.299,0.802,0.58,11.0,0.195,0.413,0.7,105.2,104.1,1.1,0.321,0.192,0.358,0.121,0.352,12.9,2.2,3.5,1.7413838099954642,1.8113835326586216
2016-17,Kevin Durant,201142,GSW,28.0,Small-Ball,0,9,0,2,1010,0.002,62,33.4,25.1,8.3,4.8,1.1,1.6,2.2,0.537,0.375,0.875,0.651,12.0,0.278,0.823,11.5,118.0,102.3,15.7,0.271,0.186,0.297,0.221,0.267,10.0,5.7,4.6,0.2622296300641388,2.5131071723926057
2017-18,James Harden,201935,HOU,28.0,Small-Ball,1,1,86,965,1010,0.955,72,35.4,30.4,5.4,8.8,1.8,0.7,4.4,0.449,0.367,0.858,0.619,15.4,0.289,0.819,7.3,116.2,106.2,10.0,0.353,0.194,0.361,0.546,0.171,9.3,2.0,4.7,-3.37327026825545,2.4709857957006056
2017-18,Jimmy Butler,202710,MIN,28.0,Small-Ball,0,10,0,5,1010,0.005,59,36.7,22.2,5.3,4.9,2.0,0.4,1.8,0.474,0.35,0.854,0.59,8.9,0.198,0.627,6.3,114.7,106.4,8.3,0.245,0.151,0.264,0.274,0.165,8.6,2.6,4.0,-0.9061680230741197,-1.1402092030107243
2017-18,Stephen Curry,201939,GSW,30.0,Small-Ball,0,10,0,5,1010,0.005,51,32.0,26.4,5.1,6.1,1.6,0.2,3.0,0.495,0.423,0.921,0.675,9.1,0.267,0.804,9.5,120.6,107.7,13.0,0.29,0.165,0.312,0.286,0.174,5.4,4.4,4.3,-2.3435950378020385,1.2837027661707983
2017-18,Joel Embiid,203954,PHI,24.0,Small-Ball,0,12,0,4,1010,0.004,63,30.4,22.9,11.0,3.2,0.6,1.8,3.7,0.483,0.308,0.769,0.573,6.2,0.155,0.651,7.7,110.6,98.9,11.7,0.33,0.177,0.324,0.192,0.366,10.0,0.6,2.4,2.524606108607575,1.5005798838969
2017-18,Victor Oladipo,203506,IND,26.0,Small-Ball,0,13,0,2,1010,0.002,75,34.0,23.1,5.2,4.3,2.4,0.8,2.9,0.477,0.371,0.799,0.577,8.2,0.155,0.64,4.5,109.9,104.0,5.9,0.295,0.148,0.302,0.272,0.174,8.6,4.3,4.8,-1.5953975490003784,-0.3557880409886719
2017-18,LeBron James,2544,CLE,33.0,Small-Ball,0,2,15,738,1010,0.731,82,36.9,27.5,8.6,9.1,1.4,0.9,4.2,0.542,0.367,0.731,0.621,14.0,0.221,0.61,1.3,113.7,112.1,1.6,0.31,0.191,0.317,0.495,0.269,14.4,4.2,4.1,-1.763276474964756,2.401033084526826
2017-18,Anthony Davis,203076,NOP,25.0,Small-Ball,0,3,0,445,1010,0.441,75,36.4,28.1,11.1,2.3,1.5,2.6,2.2,0.534,0.34,0.828,0.612,13.7,0.241,0.6,3.9,109.2,104.3,5.0,0.291,0.188,0.331,0.112,0.329,15.4,3.6,4.2,1.6367862467494656,2.62279536230241
2017-18,Damian Lillard,203081,POR,27.0,Small-Ball,0,4,0,207,1010,0.205,73,36.6,26.9,4.5,6.6,1.1,0.4,2.8,0.439,0.361,0.916,0.594,12.6,0.227,0.603,4.7,110.7,104.5,6.1,0.295,0.165,0.323,0.428,0.128,7.7,2.2,3.5,-2.092080381562513,-0.6127333169365997
2017-18,Russell Westbrook,201566,OKC,29.0,Small-Ball,0,5,0,76,1010,0.075,80,36.4,25.4,10.1,10.3,1.8,0.3,4.8,0.449,0.298,0.737,0.524,10.1,0.166,0.588,4.8,112.3,105.6,6.6,0.326,0.186,0.299,0.604,0.284,11.3,5.5,5.2,-2.829604889362986,1.535415264200152
2017-18,Giannis Antetokounmpo,203507,MIL,23.0,Small-Ball,0,6,0,75,1010,0.074,75,36.7,26.9,10.0,4.8,1.5,1.4,3.0,0.529,0.307,0.76,0.598,11.9,0.207,0.52,2.0,109.4,106.5,2.8,0.307,0.186,0.329,0.273,0.324,15.7,4.7,4.2,0.11321612027865458,2.32703370019563
2017-18,Kevin Durant,201142,GSW,29.0,Small-Ball,0,7,0,66,1010,0.065,68,34.2,26.4,6.8,5.4,0.7,1.8,3.0,0.516,0.419,0.889,0.64,10.4,0.215,0.721,5.2,115.9,108.9,7.0,0.293,0.168,0.312,0.252,0.221,7.7,4.3,3.7,-0.6057396939227783,1.2821702265096229
2017-18,DeMar DeRozan,201942,TOR,28.0,Small-Ball,0,8,0,32,1010,0.032,80,33.9,23.0,3.9,5.2,1.1,0.3,2.2,0.456,0.31,0.825,0.555,9.6,0.17,0.713,5.5,114.2,106.5,7.7,0.286,0.135,0.287,0.311,0.124,8.6,2.1,3.6,-0.9029835763136934,-1.4133231020855928
2017-18,LaMarcus Aldridge,200746,SAS,32.0,Small-Ball,0,9,0,6,1010,0.006,75,33.4,23.1,8.5,2.0,0.6,1.2,1.5,0.51,0.293,0.837,0.57,10.9,0.209,0.6,3.7,108.7,103.3,5.4,0.288,0.159,0.322,0.13,0.269,11.3,0.8,3.4,2.097320176139509,-0.05713304453807471
2018-19,Giannis Antetokounmpo,203507,MIL,24.0,Small-Ball,1,1,78,941,1010,0.932,72,32.8,27.7,12.5,5.9,1.3,1.5,3.7,0.578,0.256,0.729,0.644,14.4,0.292,0.778,9.1,114.3,101.8,12.5,0.314,0.218,0.337,0.33,0.374,17.5,4.7,3.9,1.20546793586992,4.922065642100302
2018-19,Russell Westbrook,201566,OKC,30.0,Small-Ball,0,10,0,8,1010,0.008,73,36.0,22.9,11.1,10.7,1.9,0.5,4.5,0.428,0.29,0.656,0.501,6.8,0.124,0.603,4.0,112.4,107.4,5.0,0.301,0.164,0.259,0.571,0.304,10.9,5.2,4.5,-1.9695703639954611,0.28377560210185476
2018-19,Rudy Gobert,203497,UTA,27.0,Small-Ball,0,11,0,1,1010,0.001,81,31.8,15.9,12.9,2.0,0.8,2.3,1.6,0.669,0.0,0.636,0.682,14.4,0.268,0.617,4.7,110.5,103.6,6.9,0.175,0.17,0.214,0.117,0.419,11.7,0.5,2.3,6.584810804150795,0.28159928652382943
2018-19,LeBron James,2544,LAL,34.0,Small-Ball,0,11,0,1,1010,0.001,55,35.2,27.4,8.5,8.3,1.3,0.6,3.6,0.51,0.339,0.665,0.588,7.2,0.179,0.509,2.1,109.6,107.6,2.0,0.311,0.188,0.326,0.432,0.254,13.5,5.3,4.2,-1.4551190776054967,1.9218441792096939
2018-19,James Harden,201935,HOU,29.0,Small-Ball,0,2,23,776,1010,0.768,78,36.8,36.1,6.6,7.5,2.0,0.7,5.0,0.442,0.368,0.879,0.616,15.2,0.254,0.654,4.6,116.6,110.3,6.3,0.396,0.201,0.413,0.482,0.21,11.1,3.1,5.4,-4.4001288498695335,4.046072458005195
2018-19,Paul George,202331,OKC,29.0,Small-Ball,0,3,0,356,1010,0.352,77,36.9,28.0,8.2,4.1,2.2,0.4,2.7,0.438,0.386,0.839,0.583,11.9,0.201,0.597,6.4,112.1,103.9,8.2,0.285,0.161,0.312,0.228,0.219,7.4,4.5,4.9,-1.7591029259313242,0.3385451804787366
2018-19,Nikola Jokic,203999,DEN,24.0,Small-Ball,0,4,0,212,1010,0.21,80,31.3,20.1,10.8,7.3,1.4,0.7,3.1,0.511,0.307,0.821,0.589,11.8,0.226,0.663,3.9,113.3,107.5,5.8,0.271,0.188,0.275,0.398,0.353,11.8,0.6,2.0,1.1199393749744118,0.0818156557734306
2018-19,Stephen Curry,201939,GSW,31.0,Small-Ball,0,5,0,175,1010,0.173,69,33.8,27.3,5.3,5.2,1.3,0.4,2.8,0.472,0.437,0.916,0.641,9.7,0.199,0.754,10.0,119.5,105.8,13.7,0.292,0.152,0.311,0.235,0.161,5.6,4.6,3.8,-1.9360634150098226,0.6800884931978968
2018-19,Damian Lillard,203081,POR,28.0,Small-Ball,0,6,0,69,1010,0.068,80,35.5,25.8,4.6,6.9,1.1,0.4,2.7,0.444,0.369,0.912,0.588,12.1,0.205,0.638,6.2,116.0,107.9,8.2,0.281,0.155,0.298,0.41,0.129,7.8,2.6,3.5,-2.0651747444463884,-0.7456720782228841
2018-19,Joel Embiid,203954,PHI,25.0,Small-Ball,0,7,0,49,1010,0.049,64,33.7,27.5,13.6,3.7,0.7,1.9,3.5,0.484,0.3,0.804,0.593,8.7,0.194,0.672,5.8,112.5,104.8,7.6,0.327,0.196,0.335,0.197,0.402,13.1,1.5,3.3,1.9184550613961597,3.0252323534094843
2018-19,Kevin Durant,201142,GSW,30.0,Small-Ball,0,8,0,25,1010,0.025,78,34.6,26.0,6.4,5.9,0.7,1.1,2.9,0.521,0.353,0.885,0.631,11.5,0.204,0.692,8.4,118.7,107.3,11.4,0.283,0.162,0.294,0.268,0.193,8.5,4.6,3.6,-0.7139944724199309,1.0901207978821508
2018-19,Kawhi Leonard,202695,TOR,28.0,Small-Ball,0,9,0,13,1010,0.013,60,34.0,26.6,7.3,3.3,1.8,0.4,2.0,0.496,0.371,0.854,0.606,9.5,0.224,0.683,5.9,115.7,107.8,7.9,0.3,0.172,0.323,0.191,0.233,9.9,3.9,4.2,-0.8413252715866734,1.1834511824613037
2019-20,Giannis Antetokounmpo,203507,MIL,25.0,Small-Ball,1,1,85,962,1010,0.952,63,30.4,29.5,13.6,5.6,1.0,1.0,3.7,0.553,0.304,0.633,0.613,11.1,0.279,0.81,10.8,112.8,97.4,15.4,0.363,0.239,0.383,0.339,0.402,17.5,6.0,4.7,0.9241969645049065,6.288843255091121
2019-20,Pascal Siakam,1627783,TOR,26.0,Small-Ball,0,10,0,17,1010,0.017,60,35.2,22.9,7.3,3.5,1.0,0.9,2.5,0.453,0.359,0.792,0.554,5.4,0.123,0.767,6.6,111.8,103.0,8.8,0.278,0.129,0.273,0.188,0.225,10.7,4.1,4.0,0.2533578895420757,-0.3449817917670237
2019-20,Jimmy Butler,202710,MIA,30.0,Small-Ball,0,11,0,9,1010,0.009,58,33.8,19.9,6.7,6.0,1.8,0.6,2.2,0.455,0.244,0.834,0.585,9.0,0.221,0.655,4.4,113.2,108.0,5.2,0.246,0.159,0.253,0.34,0.215,9.1,2.4,3.3,-0.261859376286171,-1.3665765635386031
2019-20,Jayson Tatum,1628369,BOS,22.0,Small-Ball,0,12,0,1,1010,0.001,66,34.3,23.4,7.0,3.0,1.4,0.9,2.3,0.45,0.403,0.812,0.567,6.9,0.146,0.697,7.6,114.2,103.5,10.6,0.28,0.143,0.286,0.186,0.213,8.6,3.0,3.4,0.09976103974537066,-0.4776635369657952
2019-20,LeBron James,2544,LAL,35.0,Small-Ball,0,2,16,753,1010,0.746,67,34.6,25.3,7.8,10.2,1.2,0.5,3.9,0.493,0.348,0.693,0.577,9.8,0.204,0.746,6.6,112.1,103.6,8.5,0.308,0.198,0.308,0.542,0.237,12.7,4.8,4.6,-1.727688145604972,2.019317470698772
2019-20,James Harden,201935,HOU,30.0,Small-Ball,0,3,0,367,1010,0.363,68,36.5,34.3,6.6,7.5,1.8,0.9,4.5,0.444,0.355,0.865,0.626,13.1,0.254,0.632,4.2,114.0,108.2,5.8,0.356,0.19,0.385,0.464,0.191,10.7,3.5,5.4,-3.723781709819393,3.1202670934066576
2019-20,Luka Doncic,1629029,DAL,21.0,Small-Ball,0,4,0,200,1010,0.198,61,33.6,28.8,9.4,8.8,1.0,0.2,4.3,0.463,0.316,0.758,0.585,8.8,0.207,0.59,4.1,116.7,111.4,5.3,0.355,0.194,0.348,0.528,0.287,12.8,2.5,2.8,-1.7615190395771934,2.3836261875103917
2019-20,Kawhi Leonard,202695,LAC,29.0,Small-Ball,0,5,0,168,1010,0.166,57,32.4,27.1,7.1,4.9,1.8,0.6,2.6,0.47,0.378,0.886,0.589,8.7,0.226,0.719,8.4,116.9,104.7,12.2,0.327,0.191,0.341,0.306,0.217,9.5,3.0,4.5,-1.4514648471885785,1.854435758103273
2019-20,Anthony Davis,203076,LAL,27.0,Small-Ball,0,6,0,82,1010,0.081,62,34.4,26.1,9.3,3.2,1.5,2.3,2.5,0.503,0.33,0.846,0.61,11.1,0.25,0.742,3.9,111.3,106.4,5.0,0.284,0.179,0.319,0.172,0.286,12.6,3.2,4.1,0.8913446980694133,1.7798583080440686
2019-20,Chris Paul,101108,OKC,35.0,Small-Ball,0,7,0,26,1010,0.026,70,31.5,17.6,5.0,6.7,1.6,0.2,2.3,0.489,0.365,0.907,0.61,8.9,0.193,0.629,4.7,114.0,107.1,6.9,0.228,0.153,0.234,0.467,0.18,4.7,1.4,2.5,-0.7149893831029933,-2.7775995227246786
2019-20,Damian Lillard,203081,POR,29.0,Small-Ball,0,8,0,23,1010,0.023,66,37.5,30.0,4.3,8.0,1.1,0.3,2.9,0.463,0.401,0.888,0.627,11.6,0.225,0.5,1.3,115.7,114.3,1.4,0.294,0.168,0.325,0.485,0.122,8.8,2.5,3.0,-3.059257439272694,-0.1052512656692914
2019-20,Nikola Jokic,203999,DEN,25.0,Small-Ball,0,9,0,18,1010,0.018,73,32.0,19.9,9.7,7.0,1.2,0.6,3.1,0.528,0.314,0.817,0.605,9.8,0.202,0.63,3.5,113.4,108.9,4.5,0.266,0.179,0.271,0.392,0.338,10.4,0.5,2.1,0.996946341299268,-0.18428085038281217
2020-21,Nikola Jokic,203999,DEN,26.0,Small-Ball,1,1,91,971,1010,0.961,72,34.6,26.4,10.8,8.3,1.3,0.7,3.1,0.566,0.388,0.868,0.647,15.6,0.301,0.653,5.3,120.2,112.6,7.7,0.293,0.201,0.31,0.406,0.346,14.4,0.8,3.4,-0.14981608607316485,2.7182263052975246
2020-21,Rudy Gobert,203497,UTA,29.0,Small-Ball,0,10,0,8,1010,0.008,71,30.8,14.3,13.5,1.3,0.6,2.7,1.7,0.675,0.0,0.623,0.683,11.3,0.248,0.732,10.3,116.8,100.9,15.9,0.166,0.165,0.188,0.081,0.428,11.0,0.7,1.3,7.680207736705898,0.6813295755926091
2020-21,Russell Westbrook,201566,WAS,32.0,Small-Ball,0,11,0,5,1010,0.005,65,36.4,22.2,11.5,11.7,1.4,0.4,4.8,0.439,0.315,0.656,0.509,3.7,0.075,0.462,-1.4,109.2,110.4,-1.2,0.295,0.164,0.251,0.595,0.336,9.5,2.7,3.6,-1.4859814572838084,-0.7351081434913896
2020-21,Ben Simmons,1627732,PHI,24.0,Small-Ball,0,12,0,3,1010,0.003,58,32.4,14.3,7.2,6.9,1.6,0.6,3.0,0.557,0.3,0.613,0.584,6.0,0.153,0.724,5.7,113.9,106.0,8.0,0.2,0.128,0.183,0.411,0.239,10.9,3.3,2.7,1.2786523235394527,-1.829891870942621
2020-21,James Harden,201935,BKN,31.0,Small-Ball,0,13,0,1,1010,0.001,44,36.6,24.6,7.9,10.8,1.2,0.8,4.0,0.466,0.362,0.861,0.618,7.0,0.208,0.705,2.3,117.2,114.3,2.9,0.283,0.174,0.276,0.545,0.245,9.6,2.4,3.1,-2.1137322464095267,0.5080038712386343
2020-21,LeBron James,2544,LAL,36.0,Small-Ball,0,13,0,1,1010,0.001,45,33.4,25.0,7.7,7.8,1.1,0.6,3.7,0.513,0.365,0.698,0.602,5.6,0.179,0.667,6.4,112.4,103.2,9.2,0.31,0.191,0.319,0.44,0.248,11.7,4.5,4.0,-0.9586404780031519,2.1064282255556557
2020-21,Kawhi Leonard,202695,LAC,30.0,Small-Ball,0,13,0,1,1010,0.001,52,34.1,24.8,6.5,5.2,1.6,0.4,2.0,0.512,0.398,0.885,0.622,8.8,0.238,0.692,8.6,121.4,109.2,12.2,0.282,0.17,0.295,0.289,0.209,10.1,2.2,4.2,-0.9302052192989076,1.0845827838163062
2020-21,Joel Embiid,203954,PHI,27.0,Small-Ball,0,2,1,586,1010,0.58,51,31.1,28.5,10.6,2.8,1.0,1.4,3.1,0.513,0.377,0.859,0.636,8.8,0.266,0.765,7.9,117.8,105.8,12.0,0.352,0.203,0.37,0.181,0.37,10.3,1.9,3.9,0.745375710271635,3.8937561792352025
2020-21,Stephen Curry,201939,GSW,33.0,Small-Ball,0,3,5,453,1010,0.449,63,34.2,32.0,5.5,5.8,1.2,0.1,3.4,0.482,0.421,0.916,0.655,9.0,0.201,0.587,3.9,114.2,109.6,4.6,0.331,0.181,0.373,0.275,0.176,8.1,3.6,4.6,-2.9369949457337365,1.9736955406322705
2020-21,Giannis Antetokounmpo,203507,MIL,26.0,Small-Ball,0,4,1,348,1010,0.345,61,33.0,28.1,11.0,5.9,1.2,1.2,3.4,0.569,0.303,0.685,0.633,10.2,0.244,0.656,6.7,117.1,107.3,9.8,0.32,0.196,0.336,0.327,0.334,16.7,4.7,4.1,0.39751114728633086,4.2343591167152965
2020-21,Chris Paul,101108,PHX,36.0,Small-Ball,0,5,2,139,1010,0.138,70,31.4,16.4,4.5,8.9,1.4,0.3,2.2,0.499,0.395,0.934,0.599,9.2,0.201,0.7,4.4,115.3,108.8,6.5,0.221,0.15,0.22,0.523,0.163,4.0,1.5,2.1,-0.9716149428200754,-3.2826310169557864
2020-21,Luka Doncic,1629029,DAL,22.0,Small-Ball,0,6,0,42,1010,0.042,66,34.3,27.7,8.0,8.6,1.0,0.5,4.3,0.479,0.35,0.73,0.587,7.7,0.163,0.606,2.5,116.6,112.7,3.9,0.35,0.179,0.336,0.52,0.259,11.1,1.5,3.0,-1.6859793536047805,1.6581741453319263
2020-21,Damian Lillard,203081,POR,30.0,Small-Ball,0,7,0,38,1010,0.038,67,35.8,28.8,4.2,7.5,0.9,0.3,3.0,0.451,0.391,0.928,0.623,10.4,0.209,0.582,3.0,119.6,115.6,4.0,0.306,0.158,0.321,0.454,0.128,7.6,2.4,3.4,-3.0940388847661846,0.016640675759034402
2020-21,Julius Randle,203944,NYK,26.0,Small-Ball,0,8,0,20,1010,0.02,71,37.6,24.1,10.2,6.0,0.9,0.3,3.4,0.456,0.411,0.811,0.567,7.8,0.14,0.563,2.2,109.8,106.8,3.0,0.285,0.158,0.289,0.355,0.29,7.6,1.2,3.4,-0.38287049942375606,-0.6111124123874165
2020-21,Derrick Rose,201565,NYK,32.0,Small-Ball,0,9,1,10,1010,0.01,50,25.6,14.7,2.6,4.2,1.0,0.4,1.6,0.47,0.388,0.866,0.55,3.1,0.118,0.56,2.7,109.8,105.0,4.9,0.252,0.133,0.255,0.37,0.113,6.8,1.3,1.8,0.2358603310975998,-3.8894398866642876
2021-22,Nikola Jokic,203999,DEN,27.0,Small-Ball,1,1,65,875,1000,0.875,74,33.5,27.1,13.8,7.9,1.5,0.9,3.8,0.583,0.337,0.81,0.661,15.2,0.296,0.622,6.0,117.3,108.9,8.4,0.309,0.23,0.333,0.374,0.433,16.2,1.7,3.0,0.7421401468396664,4.269581592144611
2021-22,DeMar DeRozan,201942,CHI,32.0,Small-Ball,0,10,0,1,1000,0.001,76,36.1,27.9,5.2,4.9,0.9,0.3,2.4,0.504,0.352,0.877,0.59,8.8,0.154,0.566,1.0,113.1,112.0,1.1,0.308,0.148,0.327,0.285,0.162,9.9,1.5,3.4,-1.212457351446638,-0.2437088414277141
2021-22,Kevin Durant,201142,BKN,33.0,Small-Ball,0,10,0,1,1000,0.001,55,37.2,29.9,7.4,6.4,0.9,0.9,3.5,0.518,0.383,0.91,0.634,8.4,0.198,0.655,4.9,116.2,109.7,6.5,0.31,0.18,0.328,0.297,0.217,8.6,3.5,3.6,-1.5147637039989725,1.9494420570312998
2021-22,LeBron James,2544,LAL,37.0,Small-Ball,0,10,0,1,1000,0.001,56,37.2,30.3,8.2,6.2,1.3,1.1,3.5,0.524,0.359,0.756,0.619,7.5,0.172,0.446,-2.1,110.9,113.5,-2.5,0.317,0.18,0.349,0.323,0.255,14.3,4.8,4.3,-1.61834803783621,2.3228072914903746
2021-22,Joel Embiid,203954,PHI,28.0,Small-Ball,0,2,26,706,1000,0.706,68,33.8,30.6,11.7,4.2,1.1,1.5,3.1,0.499,0.371,0.814,0.616,12.0,0.252,0.662,5.4,115.6,107.8,7.9,0.375,0.212,0.387,0.247,0.404,12.0,1.9,3.8,0.37416768823799273,4.111404554972021
2021-22,Giannis Antetokounmpo,203507,MIL,27.0,Small-Ball,0,3,9,595,1000,0.595,67,32.9,29.9,11.6,5.8,1.1,1.4,3.3,0.553,0.293,0.722,0.633,12.9,0.281,0.672,5.9,115.9,107.9,8.0,0.34,0.21,0.364,0.33,0.357,15.9,4.3,4.0,0.3546095631292502,4.6082072102430445
2021-22,Devin Booker,1626164,PHX,25.0,Small-Ball,0,4,0,216,1000,0.216,68,34.5,26.8,5.0,4.8,1.1,0.4,2.4,0.466,0.383,0.868,0.576,7.6,0.156,0.824,6.9,117.6,108.1,9.5,0.313,0.137,0.313,0.239,0.156,7.7,4.1,4.6,-1.73244759088449,0.3481601950071428
2021-22,Luka Doncic,1629029,DAL,23.0,Small-Ball,0,5,0,146,1000,0.146,65,35.4,28.4,9.1,8.7,1.2,0.6,4.5,0.457,0.353,0.744,0.571,7.6,0.159,0.677,2.2,113.8,110.3,3.5,0.368,0.191,0.353,0.524,0.291,11.0,1.1,3.3,-1.7302936830221793,2.063586359086769
2021-22,Jayson Tatum,1628369,BOS,24.0,Small-Ball,0,6,0,43,1000,0.043,76,35.9,26.9,8.0,4.4,1.0,0.6,2.9,0.453,0.353,0.853,0.578,9.6,0.169,0.645,8.8,115.5,103.4,12.1,0.313,0.159,0.318,0.238,0.233,10.1,3.0,3.6,-0.4868635756921991,0.9656046699747531
2021-22,Ja Morant,1629630,MEM,22.0,Small-Ball,0,7,0,10,1000,0.01,57,33.1,27.4,5.7,6.7,1.2,0.4,3.4,0.493,0.344,0.761,0.575,6.7,0.171,0.632,3.3,115.3,111.2,4.1,0.33,0.163,0.339,0.393,0.165,16.6,4.4,3.9,-1.9804111170819243,1.8011822677668796
2021-22,Stephen Curry,201939,GSW,34.0,Small-Ball,0,8,0,4,1000,0.004,64,34.5,25.5,5.2,6.3,1.3,0.4,3.2,0.437,0.38,0.923,0.601,8.0,0.173,0.703,8.0,114.1,103.4,10.7,0.293,0.155,0.307,0.308,0.159,6.0,3.2,4.1,-1.9901120052928691,-0.1484158419212103
2021-22,Chris Paul,101108,PHX,37.0,Small-Ball,0,9,0,2,1000,0.002,65,32.9,14.7,4.4,10.8,1.9,0.3,2.4,0.493,0.317,0.837,0.581,9.4,0.21,0.815,7.1,115.6,105.5,10.0,0.197,0.15,0.186,0.557,0.143,4.5,0.8,1.7,-0.4921551814644801,-3.655511986588685
2022-23,Joel Embiid,203954,PHI,29.0,Small-Ball,1,1,73,915,1000,0.915,66,34.6,33.1,10.2,4.2,1.0,1.7,3.4,0.548,0.33,0.857,0.655,12.3,0.259,0.652,6.4,119.0,110.2,8.8,0.37,0.213,0.395,0.221,0.352,14.9,2.1,4.2,0.034759892042661916,5.3146496860270815
2022-23,Jimmy Butler,202710,MIA,33.0,Small-Ball,0,10,0,3,1000,0.003,64,33.4,22.9,5.9,5.3,1.8,0.3,1.6,0.539,0.35,0.85,0.647,12.3,0.277,0.547,0.7,114.9,113.7,1.2,0.248,0.177,0.295,0.327,0.213,11.5,2.9,4.0,-0.9274248253500907,-0.0266191522876369
2022-23,De'Aaron Fox,1628368,SAC,25.0,Small-Ball,0,11,0,2,1000,0.002,73,33.4,25.0,4.2,6.1,1.1,0.3,2.5,0.512,0.324,0.78,0.599,7.4,0.146,0.603,2.4,119.9,116.8,3.1,0.288,0.137,0.291,0.338,0.14,12.2,3.3,2.8,-1.3822448441194262,-0.2794796128983301
2022-23,Jalen Brunson,1628973,NYK,26.0,Small-Ball,0,12,0,1,1000,0.001,68,35.0,24.0,3.5,6.2,0.9,0.2,2.1,0.491,0.416,0.829,0.597,8.7,0.175,0.588,2.2,119.2,117.1,2.1,0.266,0.138,0.282,0.385,0.109,10.4,1.8,2.8,-1.632022401298179,-1.3010518882204674
2022-23,Ja Morant,1629630,MEM,23.0,Small-Ball,0,12,0,1,1000,0.001,61,31.9,26.2,5.9,8.1,1.1,0.3,3.4,0.466,0.307,0.748,0.557,6.0,0.148,0.656,5.0,115.8,108.5,7.3,0.338,0.175,0.331,0.494,0.181,14.4,3.9,3.9,-1.992989401540309,1.5197212568867207
2022-23,Nikola Jokic,203999,DEN,28.0,Small-Ball,0,2,15,674,1000,0.674,69,33.7,24.5,11.8,9.8,1.3,0.7,3.6,0.632,0.383,0.822,0.701,14.9,0.308,0.696,9.3,124.2,111.6,12.5,0.263,0.211,0.279,0.416,0.39,15.8,1.4,3.0,0.6263810283193223,3.764523984763569
2022-23,Giannis Antetokounmpo,203507,MIL,28.0,Small-Ball,0,3,12,606,1000,0.606,63,32.1,31.1,11.8,5.7,0.8,0.8,3.9,0.553,0.275,0.645,0.605,8.6,0.204,0.746,5.4,116.4,109.2,7.2,0.373,0.204,0.384,0.323,0.357,18.8,5.4,4.0,0.03702255762740734,5.491150722214233
2022-23,Jayson Tatum,1628369,BOS,25.0,Small-Ball,0,4,0,280,1000,0.28,74,36.9,30.1,8.8,4.6,1.1,0.7,2.9,0.466,0.35,0.854,0.607,10.5,0.185,0.703,6.4,119.2,110.8,8.5,0.319,0.167,0.329,0.225,0.255,11.6,3.6,4.5,-1.1636510446533925,2.2607105707386967
2022-23,Shai Gilgeous-Alexander,1628983,OKC,24.0,Small-Ball,0,5,0,46,1000,0.046,68,35.5,31.4,4.8,5.5,1.6,1.0,2.8,0.51,0.345,0.905,0.626,11.4,0.226,0.485,2.2,116.1,113.3,2.7,0.318,0.175,0.353,0.311,0.151,15.9,4.0,5.5,-2.6672097908946113,2.415143754298567
2022-23,Donovan Mitchell,1628378,CLE,26.0,Small-Ball,0,6,0,30,1000,0.03,68,35.8,28.3,4.3,4.4,1.5,0.4,2.6,0.484,0.386,0.867,0.614,8.9,0.176,0.647,5.0,116.3,110.4,5.9,0.31,0.149,0.335,0.248,0.139,10.2,3.7,4.2,-2.1355533261803856,0.756319964780621
2022-23,Domantas Sabonis,1627734,SAC,27.0,Small-Ball,0,7,0,27,1000,0.027,79,34.6,19.1,12.3,7.3,0.8,0.5,2.9,0.615,0.373,0.742,0.668,12.6,0.221,0.595,2.7,120.7,116.8,3.9,0.213,0.161,0.219,0.358,0.41,12.9,1.4,2.6,1.7949924435668028,0.5571598535950208
2022-23,Luka Doncic,1629029,DAL,24.0,Small-Ball,0,8,0,10,1000,0.01,66,36.2,32.4,8.6,8.0,1.4,0.5,3.6,0.496,0.342,0.742,0.609,10.2,0.204,0.5,1.9,118.1,116.0,2.1,0.368,0.202,0.372,0.483,0.304,13.4,1.7,4.5,-2.2477020028305175,3.3876725134744765
2022-23,Stephen Curry,201939,GSW,35.0,Small-Ball,0,9,0,5,1000,0.005,56,34.7,29.4,6.1,6.3,0.9,0.4,3.2,0.493,0.427,0.915,0.656,7.8,0.192,0.536,4.8,118.1,112.4,5.8,0.297,0.166,0.329,0.276,0.188,7.9,3.1,4.5,-2.2838831646757645,1.3481839137173721
